# freq_Hz  ASD_strain_per_sqrtHz  (L1, Welch, GW150914 open data)
0.000000000000000000e+00 6.228380044681229905e-21
1.000000000000000000e+00 2.892714623243280681e-21
2.000000000000000000e+00 3.350813408742185153e-22
3.000000000000000000e+00 8.188966724720734448e-22
4.000000000000000000e+00 5.246480619508005536e-21
5.000000000000000000e+00 4.040364506039660538e-20
6.000000000000000000e+00 9.061167765646996619e-20
7.000000000000000000e+00 8.724097782576098372e-20
8.000000000000000000e+00 5.422780207137896866e-20
9.000000000000000000e+00 4.590433437330063404e-20
1.000000000000000000e+01 4.116882058267974055e-20
1.100000000000000000e+01 2.661965899338454659e-20
1.200000000000000000e+01 1.712799813975337947e-20
1.300000000000000000e+01 1.416540909471141973e-20
1.400000000000000000e+01 1.497631634069428367e-20
1.500000000000000000e+01 1.110655751646135674e-20
1.600000000000000000e+01 3.280550067064162819e-21
1.700000000000000000e+01 1.121679058526547436e-21
1.800000000000000000e+01 5.449005262334223767e-22
1.900000000000000000e+01 3.563705770969957000e-22
2.000000000000000000e+01 2.349613551841011784e-22
2.100000000000000000e+01 1.695133906498913390e-22
2.200000000000000000e+01 1.359203723164958044e-22
2.300000000000000000e+01 1.034375923543967560e-22
2.400000000000000000e+01 9.878724798350706082e-23
2.500000000000000000e+01 9.101129141675344154e-23
2.600000000000000000e+01 6.966965716083808170e-23
2.700000000000000000e+01 5.391589391772779521e-23
2.800000000000000000e+01 5.738932683843685724e-23
2.900000000000000000e+01 4.672749642677918032e-23
3.000000000000000000e+01 4.453552992994644188e-23
3.100000000000000000e+01 3.873942897293518233e-23
3.200000000000000000e+01 3.156820955729154533e-23
3.300000000000000000e+01 5.830848142843040155e-23
3.400000000000000000e+01 4.908121179712143950e-22
3.500000000000000000e+01 8.043220803098798579e-22
3.600000000000000000e+01 4.437431143317037654e-22
3.700000000000000000e+01 5.152744798925167113e-23
3.800000000000000000e+01 2.408607466258534070e-23
3.900000000000000000e+01 2.003570673032591418e-23
4.000000000000000000e+01 1.734565424108649179e-23
4.100000000000000000e+01 1.722257641428983111e-23
4.200000000000000000e+01 1.641106427934435391e-23
4.300000000000000000e+01 1.811926072184277651e-23
4.400000000000000000e+01 1.901714152690257803e-23
4.500000000000000000e+01 1.613793111093019295e-23
4.600000000000000000e+01 1.394091730652836426e-23
4.700000000000000000e+01 1.232296615694365715e-23
4.800000000000000000e+01 1.195687299296053519e-23
4.900000000000000000e+01 1.320781728653075441e-23
5.000000000000000000e+01 1.219838591175621108e-23
5.100000000000000000e+01 1.140544177732910196e-23
5.200000000000000000e+01 1.064320319753509002e-23
5.300000000000000000e+01 1.198375282430135562e-23
5.400000000000000000e+01 1.255622186856572029e-23
5.500000000000000000e+01 1.317954358075132634e-23
5.600000000000000000e+01 1.082366189866073149e-23
5.700000000000000000e+01 1.208806604315088291e-23
5.800000000000000000e+01 1.461771550802174257e-23
5.900000000000000000e+01 7.856733029169728872e-23
6.000000000000000000e+01 1.511248484056412207e-22
6.100000000000000000e+01 7.502397319331304228e-23
6.200000000000000000e+01 1.172480074090091851e-23
6.300000000000000000e+01 1.113927185623564194e-23
6.400000000000000000e+01 1.170750869705881682e-23
6.500000000000000000e+01 1.188196339456939384e-23
6.600000000000000000e+01 1.326604353750282272e-23
6.700000000000000000e+01 1.235001505009848972e-23
6.800000000000000000e+01 1.325642999854640933e-23
6.900000000000000000e+01 1.571256729074336583e-23
7.000000000000000000e+01 1.536846309006887009e-23
7.100000000000000000e+01 1.424064867688881618e-23
7.200000000000000000e+01 1.269915414680489054e-23
7.300000000000000000e+01 1.197118698941969402e-23
7.400000000000000000e+01 1.205686743043960449e-23
7.500000000000000000e+01 8.787609224349209043e-24
7.600000000000000000e+01 8.372655789481995203e-24
7.700000000000000000e+01 9.681324864801558817e-24
7.800000000000000000e+01 1.015761540927481612e-23
7.900000000000000000e+01 8.962902225605976879e-24
8.000000000000000000e+01 8.660803844443035626e-24
8.100000000000000000e+01 1.017251234111990280e-23
8.200000000000000000e+01 1.134774870817471553e-23
8.300000000000000000e+01 1.235520636605149335e-23
8.400000000000000000e+01 1.131791762014402720e-23
8.500000000000000000e+01 8.330854994661240253e-24
8.600000000000000000e+01 9.549004093812574591e-24
8.700000000000000000e+01 1.041316471461399821e-23
8.800000000000000000e+01 8.634058589366678640e-24
8.900000000000000000e+01 7.332521427415621600e-24
9.000000000000000000e+01 7.397877923955723500e-24
9.100000000000000000e+01 7.955345479072340052e-24
9.200000000000000000e+01 7.874786294895799594e-24
9.300000000000000000e+01 8.237112939614380035e-24
9.400000000000000000e+01 7.603004137211002442e-24
9.500000000000000000e+01 7.026241673941434241e-24
9.600000000000000000e+01 6.841115677362115907e-24
9.700000000000000000e+01 7.712397480302461559e-24
9.800000000000000000e+01 6.822680134182611274e-24
9.900000000000000000e+01 6.715137349229078852e-24
1.000000000000000000e+02 6.729877452577095927e-24
1.010000000000000000e+02 7.387532199779400109e-24
1.020000000000000000e+02 7.067664230587268114e-24
1.030000000000000000e+02 7.533711230793265834e-24
1.040000000000000000e+02 7.349615086959121986e-24
1.050000000000000000e+02 6.704407659475243309e-24
1.060000000000000000e+02 6.560241615606959388e-24
1.070000000000000000e+02 7.067603591643767423e-24
1.080000000000000000e+02 6.839368100801567396e-24
1.090000000000000000e+02 6.130966550065932849e-24
1.100000000000000000e+02 6.830621772731547247e-24
1.110000000000000000e+02 6.774277184417774322e-24
1.120000000000000000e+02 6.361732241386940793e-24
1.130000000000000000e+02 6.127957644071911305e-24
1.140000000000000000e+02 7.180531516948667972e-24
1.150000000000000000e+02 8.052218056977047924e-24
1.160000000000000000e+02 8.163867129350605990e-24
1.170000000000000000e+02 8.012389428055776453e-24
1.180000000000000000e+02 7.635824628506805725e-24
1.190000000000000000e+02 7.231419015691406951e-24
1.200000000000000000e+02 7.308958169512606462e-24
1.210000000000000000e+02 7.282628210623434321e-24
1.220000000000000000e+02 7.081352504934638914e-24
1.230000000000000000e+02 6.726747995441747449e-24
1.240000000000000000e+02 6.822539693731287203e-24
1.250000000000000000e+02 6.583112035938445946e-24
1.260000000000000000e+02 6.437479703986171540e-24
1.270000000000000000e+02 6.243685584786419821e-24
1.280000000000000000e+02 5.731741990020115643e-24
1.290000000000000000e+02 6.095733649624399488e-24
1.300000000000000000e+02 6.284515700328265812e-24
1.310000000000000000e+02 6.724933914051867719e-24
1.320000000000000000e+02 6.439565921949239516e-24
1.330000000000000000e+02 6.976994330842994848e-24
1.340000000000000000e+02 6.778034811159435854e-24
1.350000000000000000e+02 5.560809757247554981e-24
1.360000000000000000e+02 6.454613408134511577e-24
1.370000000000000000e+02 6.489306802889251875e-24
1.380000000000000000e+02 6.527639397310505368e-24
1.390000000000000000e+02 6.458775629247864393e-24
1.400000000000000000e+02 6.259349060622158257e-24
1.410000000000000000e+02 6.272445110386878049e-24
1.420000000000000000e+02 6.656750652979921922e-24
1.430000000000000000e+02 5.957032259171103696e-24
1.440000000000000000e+02 6.058311792656687054e-24
1.450000000000000000e+02 5.592026765428566795e-24
1.460000000000000000e+02 5.366994372814318709e-24
1.470000000000000000e+02 5.876344593479608900e-24
1.480000000000000000e+02 6.452032908902529574e-24
1.490000000000000000e+02 5.891022927049587834e-24
1.500000000000000000e+02 6.003711706098336921e-24
1.510000000000000000e+02 6.500022319026778288e-24
1.520000000000000000e+02 6.036863655340612217e-24
1.530000000000000000e+02 6.130636023892591984e-24
1.540000000000000000e+02 6.653481312993624662e-24
1.550000000000000000e+02 6.176602989555236704e-24
1.560000000000000000e+02 5.717108304538313374e-24
1.570000000000000000e+02 5.830812666596764206e-24
1.580000000000000000e+02 5.382524226299504040e-24
1.590000000000000000e+02 5.926403509791299493e-24
1.600000000000000000e+02 5.924267215057675671e-24
1.610000000000000000e+02 5.667546026981992861e-24
1.620000000000000000e+02 5.685949917556649173e-24
1.630000000000000000e+02 5.949979732768277823e-24
1.640000000000000000e+02 6.192138121840945859e-24
1.650000000000000000e+02 6.029489391990530164e-24
1.660000000000000000e+02 6.579213811363676253e-24
1.670000000000000000e+02 6.006778024021708566e-24
1.680000000000000000e+02 5.584932624831076260e-24
1.690000000000000000e+02 6.006464534533508653e-24
1.700000000000000000e+02 6.297096742616204660e-24
1.710000000000000000e+02 5.619092956305359699e-24
1.720000000000000000e+02 5.341904409252745443e-24
1.730000000000000000e+02 5.520294639566887186e-24
1.740000000000000000e+02 6.061752511983316984e-24
1.750000000000000000e+02 6.150523180968863759e-24
1.760000000000000000e+02 6.324357531874703117e-24
1.770000000000000000e+02 6.040638174296135761e-24
1.780000000000000000e+02 5.782341679526811385e-24
1.790000000000000000e+02 4.705928791141030123e-23
1.800000000000000000e+02 9.223405916676837516e-23
1.810000000000000000e+02 4.543645513309966472e-23
1.820000000000000000e+02 5.241183682974599402e-24
1.830000000000000000e+02 5.316106880457971477e-24
1.840000000000000000e+02 5.740966227601278738e-24
1.850000000000000000e+02 5.617926161994821714e-24
1.860000000000000000e+02 6.305993451972336644e-24
1.870000000000000000e+02 6.308903714101092760e-24
1.880000000000000000e+02 5.734494905996698996e-24
1.890000000000000000e+02 6.190237385576419478e-24
1.900000000000000000e+02 6.262151574249655656e-24
1.910000000000000000e+02 6.125648191743279952e-24
1.920000000000000000e+02 5.666051696846220225e-24
1.930000000000000000e+02 5.713246830124281970e-24
1.940000000000000000e+02 5.560032770819036398e-24
1.950000000000000000e+02 5.689110985310791482e-24
1.960000000000000000e+02 7.798711912055788794e-24
1.970000000000000000e+02 6.824811760597576319e-24
1.980000000000000000e+02 5.815085159582928280e-24
1.990000000000000000e+02 6.507241121824389836e-24
2.000000000000000000e+02 6.106800078438993865e-24
2.010000000000000000e+02 5.824397143140306437e-24
2.020000000000000000e+02 5.865674420664840040e-24
2.030000000000000000e+02 5.345624803473652547e-24
2.040000000000000000e+02 5.647990869256646162e-24
2.050000000000000000e+02 5.468724306651066485e-24
2.060000000000000000e+02 5.845604828316920987e-24
2.070000000000000000e+02 6.185105765535024668e-24
2.080000000000000000e+02 5.680525600797424165e-24
2.090000000000000000e+02 5.435886527586287747e-24
2.100000000000000000e+02 5.256330102346305339e-24
2.110000000000000000e+02 5.212247524161994847e-24
2.120000000000000000e+02 5.262625904760243690e-24
2.130000000000000000e+02 5.568999892345126830e-24
2.140000000000000000e+02 5.710617865257107851e-24
2.150000000000000000e+02 5.391897323573345595e-24
2.160000000000000000e+02 5.599364188574108033e-24
2.170000000000000000e+02 5.918627098270287401e-24
2.180000000000000000e+02 5.579251497270800241e-24
2.190000000000000000e+02 5.737813080881410521e-24
2.200000000000000000e+02 5.727118003916675910e-24
2.210000000000000000e+02 5.452426140792669808e-24
2.220000000000000000e+02 5.827849644034980213e-24
2.230000000000000000e+02 6.108427542183727573e-24
2.240000000000000000e+02 5.736398485355927886e-24
2.250000000000000000e+02 5.986301844044801687e-24
2.260000000000000000e+02 6.127416155467862330e-24
2.270000000000000000e+02 5.533681967467173076e-24
2.280000000000000000e+02 5.107019368645972327e-24
2.290000000000000000e+02 5.460478082809944829e-24
2.300000000000000000e+02 5.880491680358924410e-24
2.310000000000000000e+02 5.595184391374728874e-24
2.320000000000000000e+02 5.497276659651832296e-24
2.330000000000000000e+02 6.097876163355724098e-24
2.340000000000000000e+02 6.054537081308369718e-24
2.350000000000000000e+02 5.828292939843735115e-24
2.360000000000000000e+02 6.309774396542333794e-24
2.370000000000000000e+02 5.942773960425031634e-24
2.380000000000000000e+02 5.749344992749036712e-24
2.390000000000000000e+02 6.215110705072682188e-24
2.400000000000000000e+02 6.295068249259635508e-24
2.410000000000000000e+02 5.870507643476910176e-24
2.420000000000000000e+02 5.640785650840960798e-24
2.430000000000000000e+02 5.872337916962188078e-24
2.440000000000000000e+02 6.942489928169441178e-24
2.450000000000000000e+02 6.660573641020541585e-24
2.460000000000000000e+02 6.269116037780418392e-24
2.470000000000000000e+02 6.163094190756452557e-24
2.480000000000000000e+02 6.186673104763796449e-24
2.490000000000000000e+02 6.211421083248354138e-24
2.500000000000000000e+02 5.642056644475395834e-24
2.510000000000000000e+02 5.845896523396720147e-24
2.520000000000000000e+02 6.151287296094667242e-24
2.530000000000000000e+02 6.230922955303709119e-24
2.540000000000000000e+02 5.492842770459904081e-24
2.550000000000000000e+02 5.225945219788135566e-24
2.560000000000000000e+02 5.818500150686661387e-24
2.570000000000000000e+02 6.088596227139848457e-24
2.580000000000000000e+02 5.862420122939241053e-24
2.590000000000000000e+02 5.560239024159194945e-24
2.600000000000000000e+02 5.128974861020195423e-24
2.610000000000000000e+02 5.653804573591742198e-24
2.620000000000000000e+02 5.657016257976695712e-24
2.630000000000000000e+02 5.685701448980559556e-24
2.640000000000000000e+02 5.925016461791588089e-24
2.650000000000000000e+02 6.219757351825000891e-24
2.660000000000000000e+02 6.230024452249244246e-24
2.670000000000000000e+02 6.233405878422798636e-24
2.680000000000000000e+02 5.819902320186990235e-24
2.690000000000000000e+02 5.544908281309264752e-24
2.700000000000000000e+02 5.710510567957578713e-24
2.710000000000000000e+02 5.276996474014815612e-24
2.720000000000000000e+02 5.625262860805484891e-24
2.730000000000000000e+02 6.136546322317283138e-24
2.740000000000000000e+02 6.117594018402092616e-24
2.750000000000000000e+02 5.352300452407487949e-24
2.760000000000000000e+02 5.362069297346913182e-24
2.770000000000000000e+02 5.618414885754255124e-24
2.780000000000000000e+02 5.871060174561180064e-24
2.790000000000000000e+02 5.696092337533209038e-24
2.800000000000000000e+02 5.678781213280831470e-24
2.810000000000000000e+02 5.457351793931945402e-24
2.820000000000000000e+02 5.856468802817702048e-24
2.830000000000000000e+02 5.758071065288127157e-24
2.840000000000000000e+02 5.885639775061792944e-24
2.850000000000000000e+02 5.957509599113245744e-24
2.860000000000000000e+02 5.449711216512139439e-24
2.870000000000000000e+02 5.683837631949574209e-24
2.880000000000000000e+02 6.394008228968107581e-24
2.890000000000000000e+02 5.433649321943803260e-24
2.900000000000000000e+02 5.761884505010339523e-24
2.910000000000000000e+02 6.213862329413307518e-24
2.920000000000000000e+02 6.257305296341360001e-24
2.930000000000000000e+02 6.141136067941074518e-24
2.940000000000000000e+02 5.855345416612153916e-24
2.950000000000000000e+02 5.498087891989280704e-24
2.960000000000000000e+02 5.434925315268861834e-24
2.970000000000000000e+02 5.810672918796965549e-24
2.980000000000000000e+02 5.921092427473944500e-24
2.990000000000000000e+02 1.047857355353360295e-23
3.000000000000000000e+02 1.792316661948715989e-23
3.010000000000000000e+02 1.041949231213253131e-23
3.020000000000000000e+02 6.565960814042045854e-24
3.030000000000000000e+02 6.433019383842881130e-24
3.040000000000000000e+02 6.753753985998458062e-24
3.050000000000000000e+02 1.072128698324479130e-23
3.060000000000000000e+02 2.521338274166596996e-23
3.070000000000000000e+02 2.001895482005291308e-23
3.080000000000000000e+02 1.134455123777538009e-23
3.090000000000000000e+02 6.051861258349794834e-24
3.100000000000000000e+02 6.397002739290747222e-24
3.110000000000000000e+02 6.267862131068601803e-24
3.120000000000000000e+02 5.983439644578018737e-24
3.130000000000000000e+02 5.912247420745104654e-24
3.140000000000000000e+02 9.024275709140816585e-24
3.150000000000000000e+02 1.513861397764128073e-23
3.160000000000000000e+02 9.906553735341441774e-24
3.170000000000000000e+02 6.406542194618475690e-24
3.180000000000000000e+02 7.610805606852474626e-24
3.190000000000000000e+02 6.540506425266377343e-24
3.200000000000000000e+02 5.476014262789187080e-24
3.210000000000000000e+02 6.466977472986122069e-24
3.220000000000000000e+02 6.076223979741344794e-24
3.230000000000000000e+02 5.801459017003229010e-24
3.240000000000000000e+02 6.442176546026814479e-24
3.250000000000000000e+02 6.684768524748827408e-24
3.260000000000000000e+02 6.694928341565616069e-24
3.270000000000000000e+02 6.347086086823832922e-24
3.280000000000000000e+02 6.872035434574447640e-24
3.290000000000000000e+02 8.270707816903775588e-24
3.300000000000000000e+02 6.570352530628672178e-23
3.310000000000000000e+02 2.130190598385060786e-22
3.320000000000000000e+02 1.625963754449116997e-22
3.330000000000000000e+02 1.862176855590252384e-23
3.340000000000000000e+02 7.752544642920110790e-24
3.350000000000000000e+02 6.511598702767093420e-24
3.360000000000000000e+02 6.171535373159280009e-24
3.370000000000000000e+02 6.065694826060133181e-24
3.380000000000000000e+02 6.206234747527031588e-24
3.390000000000000000e+02 6.026625601797801295e-24
3.400000000000000000e+02 6.342573946347145404e-24
3.410000000000000000e+02 6.227583752500607357e-24
3.420000000000000000e+02 6.295868193831671605e-24
3.430000000000000000e+02 6.775330401394408815e-24
3.440000000000000000e+02 6.243651554434657748e-24
3.450000000000000000e+02 6.333405599127844400e-24
3.460000000000000000e+02 5.823216495403152770e-24
3.470000000000000000e+02 5.990693737362047772e-24
3.480000000000000000e+02 6.593746199478666216e-24
3.490000000000000000e+02 6.245200655937302534e-24
3.500000000000000000e+02 6.478306521453420235e-24
3.510000000000000000e+02 5.941587661385440815e-24
3.520000000000000000e+02 5.924275485058458297e-24
3.530000000000000000e+02 5.986052763156316528e-24
3.540000000000000000e+02 6.419920917238956764e-24
3.550000000000000000e+02 6.006752007054337885e-24
3.560000000000000000e+02 5.364239193264536663e-24
3.570000000000000000e+02 6.027961762770886301e-24
3.580000000000000000e+02 6.638453078161159319e-24
3.590000000000000000e+02 6.303844286342759175e-24
3.600000000000000000e+02 6.481628401784973333e-24
3.610000000000000000e+02 5.650166424705810099e-24
3.620000000000000000e+02 5.659791679172070725e-24
3.630000000000000000e+02 6.446154622793799184e-24
3.640000000000000000e+02 5.506546695560380867e-24
3.650000000000000000e+02 5.880255856734014411e-24
3.660000000000000000e+02 6.953371843433272174e-24
3.670000000000000000e+02 6.354887611412286841e-24
3.680000000000000000e+02 5.741581680606614476e-24
3.690000000000000000e+02 7.011675277201330333e-24
3.700000000000000000e+02 7.162109590657819449e-24
3.710000000000000000e+02 6.324851075200974032e-24
3.720000000000000000e+02 5.695671914616444328e-24
3.730000000000000000e+02 5.844402684923538681e-24
3.740000000000000000e+02 6.653094833915071480e-24
3.750000000000000000e+02 7.168892720322298316e-24
3.760000000000000000e+02 7.060428539060599719e-24
3.770000000000000000e+02 6.592884467859304553e-24
3.780000000000000000e+02 7.223012703778620956e-24
3.790000000000000000e+02 7.442895982333236187e-24
3.800000000000000000e+02 7.148059729052640231e-24
3.810000000000000000e+02 6.620734155620899144e-24
3.820000000000000000e+02 6.778595075651523966e-24
3.830000000000000000e+02 5.713304612059613836e-24
3.840000000000000000e+02 6.296190289692217518e-24
3.850000000000000000e+02 6.384969703774254090e-24
3.860000000000000000e+02 6.592666314292050369e-24
3.870000000000000000e+02 6.971014758031707350e-24
3.880000000000000000e+02 6.891766687755910561e-24
3.890000000000000000e+02 7.131224010825361185e-24
3.900000000000000000e+02 6.727074799243975725e-24
3.910000000000000000e+02 6.374611961307747887e-24
3.920000000000000000e+02 6.686982505215063382e-24
3.930000000000000000e+02 6.833539411742081616e-24
3.940000000000000000e+02 6.467146496991659544e-24
3.950000000000000000e+02 6.694394585701064617e-24
3.960000000000000000e+02 6.824406981760884489e-24
3.970000000000000000e+02 6.659336377765988875e-24
3.980000000000000000e+02 6.497269716040099360e-24
3.990000000000000000e+02 5.702151648979246465e-24
4.000000000000000000e+02 6.622324369609566458e-24
4.010000000000000000e+02 7.112649317136538503e-24
4.020000000000000000e+02 6.954694826274186165e-24
4.030000000000000000e+02 6.582651009463808782e-24
4.040000000000000000e+02 6.285051418853450530e-24
4.050000000000000000e+02 6.337428966249853821e-24
4.060000000000000000e+02 6.286173766494303265e-24
4.070000000000000000e+02 6.483882496154045393e-24
4.080000000000000000e+02 7.004363632364383580e-24
4.090000000000000000e+02 7.251034103297716269e-24
4.100000000000000000e+02 7.172635575779300047e-24
4.110000000000000000e+02 7.206999353486663159e-24
4.120000000000000000e+02 6.224539308505903693e-24
4.130000000000000000e+02 6.190136897818596003e-24
4.140000000000000000e+02 7.138934443195487782e-24
4.150000000000000000e+02 6.802753041143539795e-24
4.160000000000000000e+02 6.854780295890677059e-24
4.170000000000000000e+02 7.240886247694555365e-24
4.180000000000000000e+02 7.080044315551038183e-24
4.190000000000000000e+02 7.420057060361835065e-24
4.200000000000000000e+02 8.473141547529927080e-24
4.210000000000000000e+02 7.189545252798532446e-24
4.220000000000000000e+02 6.693125649466683350e-24
4.230000000000000000e+02 6.300761361580911345e-24
4.240000000000000000e+02 7.006294093115053700e-24
4.250000000000000000e+02 7.441218560446776465e-24
4.260000000000000000e+02 6.713978114479923745e-24
4.270000000000000000e+02 6.452160713938895459e-24
4.280000000000000000e+02 7.213486685512314075e-24
4.290000000000000000e+02 7.055807791978019259e-24
4.300000000000000000e+02 6.941791563196379809e-24
4.310000000000000000e+02 6.965795324256165414e-24
4.320000000000000000e+02 6.552285941754662810e-24
4.330000000000000000e+02 6.872273787062907156e-24
4.340000000000000000e+02 6.947286597711570971e-24
4.350000000000000000e+02 5.924311938305003194e-24
4.360000000000000000e+02 5.691975212768096668e-24
4.370000000000000000e+02 5.762198091719460841e-24
4.380000000000000000e+02 6.037646106464588211e-24
4.390000000000000000e+02 7.250455578077532764e-24
4.400000000000000000e+02 7.950280018437067161e-24
4.410000000000000000e+02 7.612856138431986703e-24
4.420000000000000000e+02 7.402472565403694148e-24
4.430000000000000000e+02 6.997477697242827862e-24
4.440000000000000000e+02 7.221145563854161929e-24
4.450000000000000000e+02 6.620426933298039877e-24
4.460000000000000000e+02 6.186556988997868648e-24
4.470000000000000000e+02 6.308837024983562692e-24
4.480000000000000000e+02 6.982547563106533050e-24
4.490000000000000000e+02 6.948653436217675709e-24
4.500000000000000000e+02 6.689923035384050901e-24
4.510000000000000000e+02 6.969248827746068667e-24
4.520000000000000000e+02 6.997065731032565575e-24
4.530000000000000000e+02 6.872482528509133794e-24
4.540000000000000000e+02 6.771096486779113043e-24
4.550000000000000000e+02 6.362672573014818955e-24
4.560000000000000000e+02 7.362848349798250357e-24
4.570000000000000000e+02 7.160143339812757428e-24
4.580000000000000000e+02 6.457594267141345367e-24
4.590000000000000000e+02 6.766479311036176174e-24
4.600000000000000000e+02 7.503110334178361736e-24
4.610000000000000000e+02 7.444924366715093879e-24
4.620000000000000000e+02 6.778348242883966795e-24
4.630000000000000000e+02 6.940872542140305930e-24
4.640000000000000000e+02 6.876109722115628460e-24
4.650000000000000000e+02 6.654243062437492334e-24
4.660000000000000000e+02 7.238770008635149994e-24
4.670000000000000000e+02 7.799913560878852859e-24
4.680000000000000000e+02 7.124863935277938426e-24
4.690000000000000000e+02 6.920658527898362706e-24
4.700000000000000000e+02 7.421284132213230804e-24
4.710000000000000000e+02 6.917930616386339890e-24
4.720000000000000000e+02 7.276024291295445410e-24
4.730000000000000000e+02 8.001018851273775653e-24
4.740000000000000000e+02 7.390752536918196386e-24
4.750000000000000000e+02 7.316890463402241476e-24
4.760000000000000000e+02 7.086422020148928003e-24
4.770000000000000000e+02 6.677972246523410797e-24
4.780000000000000000e+02 6.991717958935184746e-24
4.790000000000000000e+02 6.949277248935634790e-24
4.800000000000000000e+02 7.398545520168333838e-24
4.810000000000000000e+02 7.312655258402733401e-24
4.820000000000000000e+02 7.440455286839966725e-24
4.830000000000000000e+02 7.206155259867557896e-24
4.840000000000000000e+02 6.552102183179251443e-24
4.850000000000000000e+02 7.195273221496727912e-24
4.860000000000000000e+02 7.211296765576372644e-24
4.870000000000000000e+02 6.888261268502218688e-24
4.880000000000000000e+02 7.287520693410893323e-24
4.890000000000000000e+02 8.191960085440958072e-24
4.900000000000000000e+02 7.189558429258094753e-24
4.910000000000000000e+02 7.124535942638183361e-24
4.920000000000000000e+02 7.320626189468399504e-24
4.930000000000000000e+02 8.484601919935124539e-24
4.940000000000000000e+02 9.345887546981709251e-24
4.950000000000000000e+02 1.300698984480211284e-23
4.960000000000000000e+02 2.626070400158212608e-23
4.970000000000000000e+02 6.969168951731811615e-23
4.980000000000000000e+02 4.171771255359783969e-22
4.990000000000000000e+02 2.717555968421014699e-21
5.000000000000000000e+02 3.112568358135493295e-21
5.010000000000000000e+02 7.810731463422184879e-22
5.020000000000000000e+02 1.236196282442721887e-21
5.030000000000000000e+02 2.902854252472038945e-21
5.040000000000000000e+02 1.694107945050606449e-21
5.050000000000000000e+02 6.974324946253609569e-23
5.060000000000000000e+02 8.479800938731693058e-23
5.070000000000000000e+02 6.061717053846899168e-22
5.080000000000000000e+02 3.441048847640302024e-21
5.090000000000000000e+02 6.328412776441750583e-21
5.100000000000000000e+02 5.668614199562606818e-21
5.110000000000000000e+02 3.804792961969447996e-21
5.120000000000000000e+02 1.949021761207752687e-21
5.130000000000000000e+02 2.284775586843319438e-21
5.140000000000000000e+02 1.744090707236070152e-21
5.150000000000000000e+02 8.762522357967261376e-21
5.160000000000000000e+02 1.479170200445990329e-20
5.170000000000000000e+02 6.656749349134659005e-21
5.180000000000000000e+02 4.657640875866967989e-22
5.190000000000000000e+02 4.873007700787770988e-23
5.200000000000000000e+02 2.152984722408114906e-23
5.210000000000000000e+02 1.344917535451475941e-23
5.220000000000000000e+02 9.601700869498846892e-24
5.230000000000000000e+02 8.969567858043136032e-24
5.240000000000000000e+02 9.029945831778829411e-24
5.250000000000000000e+02 8.618825180597179054e-24
5.260000000000000000e+02 7.885894175419143627e-24
5.270000000000000000e+02 7.306681982430632395e-24
5.280000000000000000e+02 7.928101493370099856e-24
5.290000000000000000e+02 7.247725811485187356e-24
5.300000000000000000e+02 7.055828120653976210e-24
5.310000000000000000e+02 7.079600227077487891e-24
5.320000000000000000e+02 7.604048233211717483e-24
5.330000000000000000e+02 8.602679615327089719e-24
5.340000000000000000e+02 8.327927392136680229e-24
5.350000000000000000e+02 7.996389042350202955e-24
5.360000000000000000e+02 7.862664218444794744e-24
5.370000000000000000e+02 7.296775698736362377e-24
5.380000000000000000e+02 7.714760166341837785e-24
5.390000000000000000e+02 8.289680254240051052e-24
5.400000000000000000e+02 9.060128247314212612e-24
5.410000000000000000e+02 7.669812176333152860e-24
5.420000000000000000e+02 7.162837060355281071e-24
5.430000000000000000e+02 7.155228358782428031e-24
5.440000000000000000e+02 7.181273668230643378e-24
5.450000000000000000e+02 7.053025231463536317e-24
5.460000000000000000e+02 7.686231565522869946e-24
5.470000000000000000e+02 7.558977107826481484e-24
5.480000000000000000e+02 7.156783332954205902e-24
5.490000000000000000e+02 6.601639634173207903e-24
5.500000000000000000e+02 7.413249289322521315e-24
5.510000000000000000e+02 7.981975577653881941e-24
5.520000000000000000e+02 8.980396915426051091e-24
5.530000000000000000e+02 8.888100434014955518e-24
5.540000000000000000e+02 7.963643761790953782e-24
5.550000000000000000e+02 6.952655986760338555e-24
5.560000000000000000e+02 7.968415251675683076e-24
5.570000000000000000e+02 7.873146967635537508e-24
5.580000000000000000e+02 7.936895894226794257e-24
5.590000000000000000e+02 7.501017703606211206e-24
5.600000000000000000e+02 7.359344113821601733e-24
5.610000000000000000e+02 8.584986613525990410e-24
5.620000000000000000e+02 9.408053902179993644e-24
5.630000000000000000e+02 8.961580985968464427e-24
5.640000000000000000e+02 8.085536352181475003e-24
5.650000000000000000e+02 7.959626136947630239e-24
5.660000000000000000e+02 8.305428300907447323e-24
5.670000000000000000e+02 7.917147653029678903e-24
5.680000000000000000e+02 7.414748751413782276e-24
5.690000000000000000e+02 8.071845457400528499e-24
5.700000000000000000e+02 8.090959327723396777e-24
5.710000000000000000e+02 6.833894742768220543e-24
5.720000000000000000e+02 7.226001902398098146e-24
5.730000000000000000e+02 8.316552189737049745e-24
5.740000000000000000e+02 8.675579526502651981e-24
5.750000000000000000e+02 7.961142058803809907e-24
5.760000000000000000e+02 7.410937806766051531e-24
5.770000000000000000e+02 8.037037068409561462e-24
5.780000000000000000e+02 8.553911490422130471e-24
5.790000000000000000e+02 7.903810352850013797e-24
5.800000000000000000e+02 7.684022711331669273e-24
5.810000000000000000e+02 7.467761095225632619e-24
5.820000000000000000e+02 7.120208354957990265e-24
5.830000000000000000e+02 7.839823889888958081e-24
5.840000000000000000e+02 8.017602892151089639e-24
5.850000000000000000e+02 8.447255782173545659e-24
5.860000000000000000e+02 8.266998617888763873e-24
5.870000000000000000e+02 7.650531811883911988e-24
5.880000000000000000e+02 7.890568488184321549e-24
5.890000000000000000e+02 8.607894221643695524e-24
5.900000000000000000e+02 7.860117656987733306e-24
5.910000000000000000e+02 8.102348568811148911e-24
5.920000000000000000e+02 8.134264872047128376e-24
5.930000000000000000e+02 7.678528161047809259e-24
5.940000000000000000e+02 7.960667058597247472e-24
5.950000000000000000e+02 8.311803221102296888e-24
5.960000000000000000e+02 8.995859742958526540e-24
5.970000000000000000e+02 8.399010499707979801e-24
5.980000000000000000e+02 8.381692112458116166e-24
5.990000000000000000e+02 8.622010830180296778e-24
6.000000000000000000e+02 8.428739445764883232e-24
6.010000000000000000e+02 8.693458791026217676e-24
6.020000000000000000e+02 7.958856666060513024e-24
6.030000000000000000e+02 7.704741257293696862e-24
6.040000000000000000e+02 7.621868631061857652e-24
6.050000000000000000e+02 7.963549851194090781e-24
6.060000000000000000e+02 7.687315797501332177e-24
6.070000000000000000e+02 7.629203441080521950e-24
6.080000000000000000e+02 8.051714635793564146e-24
6.090000000000000000e+02 7.610894016419115468e-24
6.100000000000000000e+02 7.393784504991125396e-24
6.110000000000000000e+02 7.988293828604147991e-24
6.120000000000000000e+02 8.820472385382903487e-24
6.130000000000000000e+02 9.541193425060600958e-24
6.140000000000000000e+02 9.256526569640084270e-24
6.150000000000000000e+02 8.699660910514209979e-24
6.160000000000000000e+02 9.105560904255477146e-24
6.170000000000000000e+02 8.992304988527006013e-24
6.180000000000000000e+02 8.440325728499958157e-24
6.190000000000000000e+02 8.126685622000311442e-24
6.200000000000000000e+02 8.102231469458149647e-24
6.210000000000000000e+02 9.342549370772333638e-24
6.220000000000000000e+02 8.803980781977779496e-24
6.230000000000000000e+02 8.481713508611604910e-24
6.240000000000000000e+02 8.514936779543604695e-24
6.250000000000000000e+02 9.239613040995397813e-24
6.260000000000000000e+02 8.884289519858747428e-24
6.270000000000000000e+02 7.798541727004713388e-24
6.280000000000000000e+02 8.833970533657707230e-24
6.290000000000000000e+02 8.339847645725177024e-24
6.300000000000000000e+02 1.029648172314206532e-23
6.310000000000000000e+02 1.013006920450214611e-23
6.320000000000000000e+02 9.074328677121716296e-24
6.330000000000000000e+02 8.994366944158079078e-24
6.340000000000000000e+02 8.329193775806459457e-24
6.350000000000000000e+02 7.661517238685094209e-24
6.360000000000000000e+02 9.208368779692658258e-24
6.370000000000000000e+02 9.683154237907152716e-24
6.380000000000000000e+02 8.189583767832867391e-24
6.390000000000000000e+02 7.567305573882574427e-24
6.400000000000000000e+02 8.837214064749782414e-24
6.410000000000000000e+02 8.676373472849987312e-24
6.420000000000000000e+02 8.861037918282313680e-24
6.430000000000000000e+02 9.080479765858263478e-24
6.440000000000000000e+02 9.085059546243083078e-24
6.450000000000000000e+02 8.419299195915618017e-24
6.460000000000000000e+02 8.419423428101309913e-24
6.470000000000000000e+02 8.727154107711435466e-24
6.480000000000000000e+02 8.038098796596399724e-24
6.490000000000000000e+02 8.011057481540415856e-24
6.500000000000000000e+02 9.205915451351744067e-24
6.510000000000000000e+02 8.251838082643675445e-24
6.520000000000000000e+02 8.158936207649443185e-24
6.530000000000000000e+02 8.191377497041296563e-24
6.540000000000000000e+02 8.336402029540924622e-24
6.550000000000000000e+02 9.028100256255768546e-24
6.560000000000000000e+02 8.476430388906945951e-24
6.570000000000000000e+02 8.365708426752693778e-24
6.580000000000000000e+02 8.495645294834759307e-24
6.590000000000000000e+02 8.371900849753986356e-24
6.600000000000000000e+02 7.767338725769465846e-24
6.610000000000000000e+02 8.243129525114583696e-24
6.620000000000000000e+02 7.992678546292567510e-24
6.630000000000000000e+02 8.919323948728226215e-24
6.640000000000000000e+02 1.049802810003772465e-23
6.650000000000000000e+02 1.068932968200627577e-23
6.660000000000000000e+02 9.494217573779882134e-24
6.670000000000000000e+02 8.782569331511134181e-24
6.680000000000000000e+02 8.299231559157010328e-24
6.690000000000000000e+02 8.128819280665606580e-24
6.700000000000000000e+02 8.801863336435247436e-24
6.710000000000000000e+02 9.376805131350911643e-24
6.720000000000000000e+02 8.911229973429162535e-24
6.730000000000000000e+02 9.014926425901609927e-24
6.740000000000000000e+02 9.198660731621604276e-24
6.750000000000000000e+02 8.657812631578476618e-24
6.760000000000000000e+02 7.917312014432946956e-24
6.770000000000000000e+02 8.759437449034804333e-24
6.780000000000000000e+02 8.909208533403074383e-24
6.790000000000000000e+02 8.905999099561968996e-24
6.800000000000000000e+02 8.727692170720789225e-24
6.810000000000000000e+02 9.623318916609431250e-24
6.820000000000000000e+02 9.422924200940395381e-24
6.830000000000000000e+02 8.777143234578062726e-24
6.840000000000000000e+02 8.058695426939172969e-24
6.850000000000000000e+02 8.561736424715073576e-24
6.860000000000000000e+02 8.974261474130487053e-24
6.870000000000000000e+02 8.329687661679029655e-24
6.880000000000000000e+02 8.629304693299725367e-24
6.890000000000000000e+02 9.349116519733524768e-24
6.900000000000000000e+02 9.134607421643639262e-24
6.910000000000000000e+02 9.353577890057587792e-24
6.920000000000000000e+02 9.513664762473814737e-24
6.930000000000000000e+02 9.749258957863549519e-24
6.940000000000000000e+02 9.583328229464386719e-24
6.950000000000000000e+02 9.820459212930824872e-24
6.960000000000000000e+02 9.203309141120376543e-24
6.970000000000000000e+02 8.810314133018565939e-24
6.980000000000000000e+02 8.792111085968356426e-24
6.990000000000000000e+02 8.292619734608845477e-24
7.000000000000000000e+02 9.457725204008682256e-24
7.010000000000000000e+02 8.861054591049380150e-24
7.020000000000000000e+02 9.011575700975917808e-24
7.030000000000000000e+02 9.695440760430958340e-24
7.040000000000000000e+02 8.904684380803669529e-24
7.050000000000000000e+02 8.847212996255822017e-24
7.060000000000000000e+02 8.946435784377490120e-24
7.070000000000000000e+02 9.722185340116246492e-24
7.080000000000000000e+02 9.730213032067180528e-24
7.090000000000000000e+02 9.167770063011597330e-24
7.100000000000000000e+02 9.466614985763473682e-24
7.110000000000000000e+02 9.116228416919806268e-24
7.120000000000000000e+02 9.055107878845171670e-24
7.130000000000000000e+02 9.885191082035888730e-24
7.140000000000000000e+02 9.397474215877667711e-24
7.150000000000000000e+02 9.009848008041827003e-24
7.160000000000000000e+02 8.844331201267141810e-24
7.170000000000000000e+02 8.658984732685322004e-24
7.180000000000000000e+02 8.440063831317449414e-24
7.190000000000000000e+02 8.779446688800031314e-24
7.200000000000000000e+02 9.054382867433268800e-24
7.210000000000000000e+02 8.756793270209511124e-24
7.220000000000000000e+02 9.693073473879578905e-24
7.230000000000000000e+02 9.245055332370409837e-24
7.240000000000000000e+02 8.763574349631023207e-24
7.250000000000000000e+02 9.510102848611806982e-24
7.260000000000000000e+02 1.016988676441164633e-23
7.270000000000000000e+02 1.053331165435807111e-23
7.280000000000000000e+02 1.026765314654324987e-23
7.290000000000000000e+02 9.118631149298004882e-24
7.300000000000000000e+02 8.487281845382320512e-24
7.310000000000000000e+02 8.803510268612350838e-24
7.320000000000000000e+02 8.524309139163618427e-24
7.330000000000000000e+02 8.335994993010158157e-24
7.340000000000000000e+02 8.804959912933825807e-24
7.350000000000000000e+02 9.419604923703162200e-24
7.360000000000000000e+02 9.830806098395323656e-24
7.370000000000000000e+02 9.242964506044765099e-24
7.380000000000000000e+02 8.179331192794308063e-24
7.390000000000000000e+02 8.306356522465281928e-24
7.400000000000000000e+02 8.778979479666900010e-24
7.410000000000000000e+02 9.254098202914692089e-24
7.420000000000000000e+02 9.928011694883945777e-24
7.430000000000000000e+02 9.563308475394848662e-24
7.440000000000000000e+02 9.499219852384362359e-24
7.450000000000000000e+02 9.082078880340345732e-24
7.460000000000000000e+02 8.724837897269963713e-24
7.470000000000000000e+02 8.802250201846936800e-24
7.480000000000000000e+02 9.073645833696542618e-24
7.490000000000000000e+02 9.654161158357626022e-24
7.500000000000000000e+02 9.704522859346191125e-24
7.510000000000000000e+02 1.001279526825476084e-23
7.520000000000000000e+02 9.567035117651551708e-24
7.530000000000000000e+02 9.039100297781059159e-24
7.540000000000000000e+02 9.653730591704997967e-24
7.550000000000000000e+02 9.106205294724683993e-24
7.560000000000000000e+02 9.382481759142807492e-24
7.570000000000000000e+02 1.049264558763870854e-23
7.580000000000000000e+02 9.707650213392785769e-24
7.590000000000000000e+02 8.603716035421976507e-24
7.600000000000000000e+02 9.403559539446028263e-24
7.610000000000000000e+02 9.662313291949657019e-24
7.620000000000000000e+02 9.974526442501024118e-24
7.630000000000000000e+02 9.467643522964861545e-24
7.640000000000000000e+02 9.344786489747628265e-24
7.650000000000000000e+02 9.979686448234691646e-24
7.660000000000000000e+02 1.023684576952812914e-23
7.670000000000000000e+02 9.871436743161507857e-24
7.680000000000000000e+02 9.599289352095570282e-24
7.690000000000000000e+02 1.031439071798262494e-23
7.700000000000000000e+02 1.082515009468986531e-23
7.710000000000000000e+02 1.109860539896341821e-23
7.720000000000000000e+02 1.053553540770314766e-23
7.730000000000000000e+02 9.765365576784787698e-24
7.740000000000000000e+02 1.038913168603481653e-23
7.750000000000000000e+02 9.949711911983602759e-24
7.760000000000000000e+02 9.720005120598448582e-24
7.770000000000000000e+02 1.029900731557971778e-23
7.780000000000000000e+02 9.708254416400702042e-24
7.790000000000000000e+02 9.604758054846794133e-24
7.800000000000000000e+02 9.684016884070316093e-24
7.810000000000000000e+02 9.629012555065318821e-24
7.820000000000000000e+02 9.904285578960122950e-24
7.830000000000000000e+02 1.047312279806185691e-23
7.840000000000000000e+02 9.723436892701157392e-24
7.850000000000000000e+02 9.280004345686818684e-24
7.860000000000000000e+02 9.964648924715785979e-24
7.870000000000000000e+02 1.038370020011554637e-23
7.880000000000000000e+02 9.312930899121029467e-24
7.890000000000000000e+02 1.011018089559267094e-23
7.900000000000000000e+02 9.751251899607006255e-24
7.910000000000000000e+02 1.025535629273371878e-23
7.920000000000000000e+02 1.143101635776417036e-23
7.930000000000000000e+02 1.124424778536272938e-23
7.940000000000000000e+02 1.043077163881862069e-23
7.950000000000000000e+02 1.000740710107992896e-23
7.960000000000000000e+02 1.025806707609831880e-23
7.970000000000000000e+02 9.418648763307843816e-24
7.980000000000000000e+02 9.717969844856113652e-24
7.990000000000000000e+02 9.442047435867742975e-24
8.000000000000000000e+02 9.882526943043947866e-24
8.010000000000000000e+02 9.724111158408786047e-24
8.020000000000000000e+02 1.051754489288050227e-23
8.030000000000000000e+02 9.766128603867802334e-24
8.040000000000000000e+02 9.965710888169278591e-24
8.050000000000000000e+02 1.085807077276291621e-23
8.060000000000000000e+02 1.106186794691572507e-23
8.070000000000000000e+02 1.025265200322498027e-23
8.080000000000000000e+02 1.082772617915977018e-23
8.090000000000000000e+02 1.028995390651384991e-23
8.100000000000000000e+02 1.034348375906592074e-23
8.110000000000000000e+02 1.039528090745557022e-23
8.120000000000000000e+02 1.020756188402751714e-23
8.130000000000000000e+02 9.870180914706866574e-24
8.140000000000000000e+02 1.061453172799277075e-23
8.150000000000000000e+02 1.039364519662603340e-23
8.160000000000000000e+02 9.788594878667704670e-24
8.170000000000000000e+02 9.990512025769822600e-24
8.180000000000000000e+02 9.195525090489060936e-24
8.190000000000000000e+02 8.997231408017503709e-24
8.200000000000000000e+02 9.412049199396425298e-24
8.210000000000000000e+02 1.075738056887581259e-23
8.220000000000000000e+02 1.006171641581982930e-23
8.230000000000000000e+02 1.016173381342985747e-23
8.240000000000000000e+02 1.050872418131697632e-23
8.250000000000000000e+02 9.854324334198373327e-24
8.260000000000000000e+02 9.585236188794324159e-24
8.270000000000000000e+02 1.071706808359815150e-23
8.280000000000000000e+02 1.162777357036953856e-23
8.290000000000000000e+02 1.085815774246071685e-23
8.300000000000000000e+02 1.052382259778339641e-23
8.310000000000000000e+02 1.102198596615000520e-23
8.320000000000000000e+02 1.131327425056875441e-23
8.330000000000000000e+02 1.171541998821105122e-23
8.340000000000000000e+02 1.065341956814226351e-23
8.350000000000000000e+02 9.348661073509933029e-24
8.360000000000000000e+02 9.967816586859303513e-24
8.370000000000000000e+02 1.050899535673695317e-23
8.380000000000000000e+02 1.084662801836182442e-23
8.390000000000000000e+02 9.932071972891408655e-24
8.400000000000000000e+02 9.837991521299364672e-24
8.410000000000000000e+02 1.073777626666291995e-23
8.420000000000000000e+02 1.123565316174823570e-23
8.430000000000000000e+02 1.062450226046157124e-23
8.440000000000000000e+02 9.808423982312953851e-24
8.450000000000000000e+02 9.982992055457409849e-24
8.460000000000000000e+02 1.049476757377546674e-23
8.470000000000000000e+02 1.013272629723120332e-23
8.480000000000000000e+02 9.721778878001822163e-24
8.490000000000000000e+02 1.087185073871681316e-23
8.500000000000000000e+02 1.047404071833591440e-23
8.510000000000000000e+02 1.038936084148922219e-23
8.520000000000000000e+02 1.061307305320794175e-23
8.530000000000000000e+02 1.069672547715666252e-23
8.540000000000000000e+02 1.088730798407244181e-23
8.550000000000000000e+02 1.184710587150808168e-23
8.560000000000000000e+02 1.197752898033444338e-23
8.570000000000000000e+02 1.167611433112796303e-23
8.580000000000000000e+02 1.086013531800024033e-23
8.590000000000000000e+02 1.068642943900548491e-23
8.600000000000000000e+02 1.052319103620123564e-23
8.610000000000000000e+02 1.079819458892534198e-23
8.620000000000000000e+02 1.140661882705196215e-23
8.630000000000000000e+02 1.153208064103170387e-23
8.640000000000000000e+02 1.062831106109986035e-23
8.650000000000000000e+02 1.039799857763787609e-23
8.660000000000000000e+02 1.099764382790901011e-23
8.670000000000000000e+02 1.187806479756466504e-23
8.680000000000000000e+02 1.140381471177517586e-23
8.690000000000000000e+02 1.099102718186986603e-23
8.700000000000000000e+02 1.099086911157081789e-23
8.710000000000000000e+02 1.068708596834037962e-23
8.720000000000000000e+02 1.063846752191888652e-23
8.730000000000000000e+02 1.082263105398762358e-23
8.740000000000000000e+02 9.667370570390293458e-24
8.750000000000000000e+02 1.043360472936606298e-23
8.760000000000000000e+02 1.164028974195628301e-23
8.770000000000000000e+02 1.065497625970392493e-23
8.780000000000000000e+02 1.080092628103696842e-23
8.790000000000000000e+02 1.101891567663877777e-23
8.800000000000000000e+02 1.102012405132930805e-23
8.810000000000000000e+02 1.122178653994095053e-23
8.820000000000000000e+02 1.182371027596046933e-23
8.830000000000000000e+02 1.105937618586945845e-23
8.840000000000000000e+02 1.135159393974932283e-23
8.850000000000000000e+02 1.065346249870845678e-23
8.860000000000000000e+02 1.031016156120203906e-23
8.870000000000000000e+02 1.063486135647503586e-23
8.880000000000000000e+02 1.023726210500958509e-23
8.890000000000000000e+02 9.480960271410868571e-24
8.900000000000000000e+02 1.097619669039217502e-23
8.910000000000000000e+02 1.167539192547131284e-23
8.920000000000000000e+02 1.127766884936144025e-23
8.930000000000000000e+02 1.114870523949148463e-23
8.940000000000000000e+02 1.175894733082420178e-23
8.950000000000000000e+02 1.022253388962594038e-23
8.960000000000000000e+02 1.028450009630889831e-23
8.970000000000000000e+02 1.034660909424616414e-23
8.980000000000000000e+02 1.021262818797065402e-23
8.990000000000000000e+02 1.123398392692304868e-23
9.000000000000000000e+02 1.103457601941297633e-23
9.010000000000000000e+02 1.042264830926704348e-23
9.020000000000000000e+02 9.481939581119145126e-24
9.030000000000000000e+02 1.001464817412673038e-23
9.040000000000000000e+02 1.049186444668958684e-23
9.050000000000000000e+02 1.110563585500537598e-23
9.060000000000000000e+02 1.114770895163533113e-23
9.070000000000000000e+02 1.067579573741468307e-23
9.080000000000000000e+02 1.206021329122391021e-23
9.090000000000000000e+02 1.185012634287348541e-23
9.100000000000000000e+02 1.099581297866529290e-23
9.110000000000000000e+02 1.017183515635152032e-23
9.120000000000000000e+02 1.075358253911507486e-23
9.130000000000000000e+02 1.141401614870143317e-23
9.140000000000000000e+02 1.186408261143951694e-23
9.150000000000000000e+02 1.237045994128330802e-23
9.160000000000000000e+02 1.191008720333526214e-23
9.170000000000000000e+02 1.149434124526092409e-23
9.180000000000000000e+02 1.093373586558898439e-23
9.190000000000000000e+02 9.987267666640637972e-24
9.200000000000000000e+02 9.889960288417283628e-24
9.210000000000000000e+02 1.058924969360701065e-23
9.220000000000000000e+02 1.081106508243447248e-23
9.230000000000000000e+02 1.179863546935160542e-23
9.240000000000000000e+02 1.128563296441604182e-23
9.250000000000000000e+02 1.117046957028251478e-23
9.260000000000000000e+02 1.076692906452652880e-23
9.270000000000000000e+02 1.105920527926339998e-23
9.280000000000000000e+02 1.090107321894056620e-23
9.290000000000000000e+02 1.003225259487788506e-23
9.300000000000000000e+02 1.055090262560561968e-23
9.310000000000000000e+02 1.040217759797515351e-23
9.320000000000000000e+02 1.130107223029411523e-23
9.330000000000000000e+02 1.122317115857051199e-23
9.340000000000000000e+02 1.147529284711692183e-23
9.350000000000000000e+02 1.207048808525420400e-23
9.360000000000000000e+02 1.114489799983782516e-23
9.370000000000000000e+02 1.091452928493102893e-23
9.380000000000000000e+02 1.151515402556882494e-23
9.390000000000000000e+02 1.139054813006002670e-23
9.400000000000000000e+02 1.167230776521515611e-23
9.410000000000000000e+02 1.062591310796428079e-23
9.420000000000000000e+02 1.071807855032624496e-23
9.430000000000000000e+02 1.144302019958961100e-23
9.440000000000000000e+02 1.221978714248103590e-23
9.450000000000000000e+02 1.157426023067686842e-23
9.460000000000000000e+02 1.142823806065855908e-23
9.470000000000000000e+02 1.107010519859508479e-23
9.480000000000000000e+02 1.129532449650158837e-23
9.490000000000000000e+02 1.192809310613512739e-23
9.500000000000000000e+02 1.292391127466047861e-23
9.510000000000000000e+02 1.134650307779211336e-23
9.520000000000000000e+02 9.982388613624754709e-24
9.530000000000000000e+02 1.005269698485098310e-23
9.540000000000000000e+02 1.184898898438909788e-23
9.550000000000000000e+02 1.224749202832110762e-23
9.560000000000000000e+02 1.111236714845495012e-23
9.570000000000000000e+02 1.045223020934867566e-23
9.580000000000000000e+02 1.065453214003495274e-23
9.590000000000000000e+02 1.153001022460015927e-23
9.600000000000000000e+02 1.157647365978501700e-23
9.610000000000000000e+02 1.192785532185552703e-23
9.620000000000000000e+02 1.301422974194611295e-23
9.630000000000000000e+02 1.281737442628207890e-23
9.640000000000000000e+02 1.223073645839770715e-23
9.650000000000000000e+02 1.194777514018723151e-23
9.660000000000000000e+02 1.266030861029735623e-23
9.670000000000000000e+02 1.238449103978892151e-23
9.680000000000000000e+02 1.209488441360520349e-23
9.690000000000000000e+02 1.083193953997846231e-23
9.700000000000000000e+02 1.098256350380689384e-23
9.710000000000000000e+02 9.815492396780040650e-24
9.720000000000000000e+02 1.016764080250775323e-23
9.730000000000000000e+02 1.099742924337312828e-23
9.740000000000000000e+02 1.187737774703690490e-23
9.750000000000000000e+02 1.162873979473053782e-23
9.760000000000000000e+02 1.021256926387848336e-23
9.770000000000000000e+02 1.030728899568035538e-23
9.780000000000000000e+02 1.156936750702325540e-23
9.790000000000000000e+02 1.198241325133256465e-23
9.800000000000000000e+02 1.102361286963034077e-23
9.810000000000000000e+02 1.014881838482462030e-23
9.820000000000000000e+02 1.061203637668242563e-23
9.830000000000000000e+02 1.134119736189000205e-23
9.840000000000000000e+02 1.221513879215971729e-23
9.850000000000000000e+02 1.285657122693301583e-23
9.860000000000000000e+02 1.304035558027491783e-23
9.870000000000000000e+02 1.159232203978932676e-23
9.880000000000000000e+02 1.134815873523598379e-23
9.890000000000000000e+02 1.357574338128495248e-23
9.900000000000000000e+02 4.627746387215531918e-23
9.910000000000000000e+02 3.031870548514421566e-22
9.920000000000000000e+02 3.571276712602228444e-22
9.930000000000000000e+02 9.414117745210509289e-23
9.940000000000000000e+02 1.688142749876332145e-23
9.950000000000000000e+02 1.246238529642936165e-23
9.960000000000000000e+02 1.217190117606046190e-23
9.970000000000000000e+02 1.377322638519217025e-23
9.980000000000000000e+02 5.078146705444692881e-23
9.990000000000000000e+02 6.347609055267361900e-23
1.000000000000000000e+03 2.282012784040382078e-23
1.001000000000000000e+03 1.023974729564602933e-23
1.002000000000000000e+03 9.677032896117614845e-24
1.003000000000000000e+03 1.237840754420052544e-23
1.004000000000000000e+03 1.379719261737355979e-23
1.005000000000000000e+03 1.250623188135000956e-23
1.006000000000000000e+03 1.269289444197865456e-23
1.007000000000000000e+03 1.351616724586355058e-23
1.008000000000000000e+03 1.936393670308797279e-23
1.009000000000000000e+03 3.788852968802597807e-23
1.010000000000000000e+03 9.412960582798495248e-22
1.011000000000000000e+03 2.014939388673226139e-21
1.012000000000000000e+03 3.444183312868065834e-21
1.013000000000000000e+03 2.401164477525078298e-21
1.014000000000000000e+03 1.894774269014860841e-21
1.015000000000000000e+03 2.561048964704621660e-21
1.016000000000000000e+03 8.496528116978587045e-22
1.017000000000000000e+03 1.440640964967186490e-21
1.018000000000000000e+03 2.228455197949165330e-21
1.019000000000000000e+03 8.785345070393368224e-22
1.020000000000000000e+03 4.760233412946974146e-22
1.021000000000000000e+03 5.532558407112448259e-22
1.022000000000000000e+03 4.589226689065995693e-22
1.023000000000000000e+03 8.312765152917323588e-22
1.024000000000000000e+03 2.098706272358769523e-21
1.025000000000000000e+03 3.397950629404113337e-21
1.026000000000000000e+03 1.860787736669964335e-21
1.027000000000000000e+03 1.101215366050450739e-22
1.028000000000000000e+03 3.104092702539003258e-23
1.029000000000000000e+03 1.817395719537078153e-23
1.030000000000000000e+03 1.389931932687121147e-23
1.031000000000000000e+03 1.421414260431844226e-23
1.032000000000000000e+03 1.287562525585090548e-23
1.033000000000000000e+03 1.225121670207110384e-23
1.034000000000000000e+03 1.300419223657862624e-23
1.035000000000000000e+03 1.237553787703508316e-23
1.036000000000000000e+03 1.256023015429757221e-23
1.037000000000000000e+03 1.298914451794715159e-23
1.038000000000000000e+03 1.302962620339746334e-23
1.039000000000000000e+03 1.352943885646602495e-23
1.040000000000000000e+03 1.233149398983031455e-23
1.041000000000000000e+03 1.144321888418463795e-23
1.042000000000000000e+03 1.235027298615997360e-23
1.043000000000000000e+03 1.233824975646380314e-23
1.044000000000000000e+03 1.224007575039714502e-23
1.045000000000000000e+03 1.178220029745216525e-23
1.046000000000000000e+03 1.206160566340372135e-23
1.047000000000000000e+03 1.197823191185183251e-23
1.048000000000000000e+03 1.259755382581990786e-23
1.049000000000000000e+03 1.290223086175397445e-23
1.050000000000000000e+03 1.314554420042861470e-23
1.051000000000000000e+03 1.372842681234625219e-23
1.052000000000000000e+03 1.237700632821532783e-23
1.053000000000000000e+03 1.233373081497791865e-23
1.054000000000000000e+03 1.249110325466430594e-23
1.055000000000000000e+03 1.222912712960713472e-23
1.056000000000000000e+03 1.130747569534056375e-23
1.057000000000000000e+03 1.135043635263324690e-23
1.058000000000000000e+03 1.186500878967871064e-23
1.059000000000000000e+03 1.280660663284065054e-23
1.060000000000000000e+03 1.335894364892733808e-23
1.061000000000000000e+03 1.336200222869740537e-23
1.062000000000000000e+03 1.307074919548210829e-23
1.063000000000000000e+03 1.313571281164469106e-23
1.064000000000000000e+03 1.243859928691337912e-23
1.065000000000000000e+03 1.179117019026520564e-23
1.066000000000000000e+03 1.140537162635915750e-23
1.067000000000000000e+03 1.122416533557283842e-23
1.068000000000000000e+03 1.199956003445086431e-23
1.069000000000000000e+03 1.192607969908476829e-23
1.070000000000000000e+03 1.205348347372696489e-23
1.071000000000000000e+03 1.343471589159206208e-23
1.072000000000000000e+03 1.412650223378628365e-23
1.073000000000000000e+03 1.424990559606817191e-23
1.074000000000000000e+03 1.406640315760215235e-23
1.075000000000000000e+03 1.102077269854435838e-23
1.076000000000000000e+03 1.315621472152633919e-23
1.077000000000000000e+03 1.433282927693944396e-23
1.078000000000000000e+03 1.293296782636868107e-23
1.079000000000000000e+03 1.173421108049789503e-23
1.080000000000000000e+03 1.272719706489119889e-23
1.081000000000000000e+03 1.363851443885254539e-23
1.082000000000000000e+03 2.799933922412123923e-23
1.083000000000000000e+03 6.027366556706232331e-23
1.084000000000000000e+03 3.631618282501059838e-23
1.085000000000000000e+03 1.295367664729897121e-23
1.086000000000000000e+03 1.301603884461486960e-23
1.087000000000000000e+03 1.348723427298804603e-23
1.088000000000000000e+03 1.242262050422467810e-23
1.089000000000000000e+03 1.293446141780105636e-23
1.090000000000000000e+03 1.290071563718789284e-23
1.091000000000000000e+03 1.363074087036653391e-23
1.092000000000000000e+03 1.296083005243046913e-23
1.093000000000000000e+03 1.214641990841154024e-23
1.094000000000000000e+03 1.190877806762896795e-23
1.095000000000000000e+03 1.181022477520936316e-23
1.096000000000000000e+03 1.155076547055585242e-23
1.097000000000000000e+03 1.336816004150179863e-23
1.098000000000000000e+03 1.379911558306646633e-23
1.099000000000000000e+03 1.247941747867265312e-23
1.100000000000000000e+03 1.346426624335249959e-23
1.101000000000000000e+03 1.397119677229435836e-23
1.102000000000000000e+03 1.306587966111016714e-23
1.103000000000000000e+03 1.214921374673510487e-23
1.104000000000000000e+03 1.427870810212722131e-23
1.105000000000000000e+03 1.518601972152893850e-23
1.106000000000000000e+03 1.446629827352686708e-23
1.107000000000000000e+03 1.354091876627345149e-23
1.108000000000000000e+03 1.133751311753877834e-23
1.109000000000000000e+03 1.246791701456015844e-23
1.110000000000000000e+03 1.252473568986758238e-23
1.111000000000000000e+03 1.191294335272132866e-23
1.112000000000000000e+03 1.216427516911624982e-23
1.113000000000000000e+03 1.268133165054626843e-23
1.114000000000000000e+03 1.421077470053432326e-23
1.115000000000000000e+03 1.440058712507475166e-23
1.116000000000000000e+03 1.384321347843727891e-23
1.117000000000000000e+03 1.318698452644420526e-23
1.118000000000000000e+03 1.349564300399076886e-23
1.119000000000000000e+03 1.186457343209056262e-23
1.120000000000000000e+03 1.090189567927561208e-23
1.121000000000000000e+03 1.240277206753461668e-23
1.122000000000000000e+03 1.213040366980727759e-23
1.123000000000000000e+03 1.101338414944291566e-23
1.124000000000000000e+03 1.185662221365714131e-23
1.125000000000000000e+03 1.436390752282746581e-23
1.126000000000000000e+03 1.396903656245366806e-23
1.127000000000000000e+03 1.317845262532043929e-23
1.128000000000000000e+03 1.416102025754992477e-23
1.129000000000000000e+03 1.399852903735020808e-23
1.130000000000000000e+03 1.305155796789175746e-23
1.131000000000000000e+03 1.354852155163648233e-23
1.132000000000000000e+03 1.431986885413001678e-23
1.133000000000000000e+03 1.337373639630766748e-23
1.134000000000000000e+03 1.240860980297970526e-23
1.135000000000000000e+03 1.296799924032400552e-23
1.136000000000000000e+03 1.455596172965032214e-23
1.137000000000000000e+03 1.420687972745027585e-23
1.138000000000000000e+03 1.302269479855005464e-23
1.139000000000000000e+03 1.369942021063924600e-23
1.140000000000000000e+03 1.417877286696713429e-23
1.141000000000000000e+03 1.344100906889850049e-23
1.142000000000000000e+03 1.337914429283270710e-23
1.143000000000000000e+03 1.321396339788559114e-23
1.144000000000000000e+03 1.405693272230639474e-23
1.145000000000000000e+03 1.510414063917128144e-23
1.146000000000000000e+03 1.359301168958916813e-23
1.147000000000000000e+03 1.387663115711912801e-23
1.148000000000000000e+03 1.387130911555394821e-23
1.149000000000000000e+03 1.276602121725280950e-23
1.150000000000000000e+03 1.336468385404356977e-23
1.151000000000000000e+03 1.330414901706345972e-23
1.152000000000000000e+03 1.184059846796311637e-23
1.153000000000000000e+03 1.310626027707823478e-23
1.154000000000000000e+03 1.380909200114099956e-23
1.155000000000000000e+03 1.468185028526871227e-23
1.156000000000000000e+03 1.290796400110749191e-23
1.157000000000000000e+03 1.287754134531414525e-23
1.158000000000000000e+03 1.359374950984048117e-23
1.159000000000000000e+03 1.397335873010787013e-23
1.160000000000000000e+03 1.452415252766602748e-23
1.161000000000000000e+03 1.363110185754312053e-23
1.162000000000000000e+03 1.255854861992887851e-23
1.163000000000000000e+03 1.186085962275247364e-23
1.164000000000000000e+03 1.307869126716359043e-23
1.165000000000000000e+03 1.391293297310909989e-23
1.166000000000000000e+03 1.384940863741444624e-23
1.167000000000000000e+03 1.419460012874418761e-23
1.168000000000000000e+03 1.485169751768496140e-23
1.169000000000000000e+03 1.302916762034741874e-23
1.170000000000000000e+03 1.372953950534521670e-23
1.171000000000000000e+03 1.268249734639023399e-23
1.172000000000000000e+03 1.234763074233742667e-23
1.173000000000000000e+03 1.324207806566101628e-23
1.174000000000000000e+03 1.421237372159369664e-23
1.175000000000000000e+03 1.415553695898613372e-23
1.176000000000000000e+03 1.360935310044389508e-23
1.177000000000000000e+03 1.461786074926107332e-23
1.178000000000000000e+03 1.388422402377054138e-23
1.179000000000000000e+03 1.174315368092201138e-23
1.180000000000000000e+03 1.234011311492315088e-23
1.181000000000000000e+03 1.314860110603981460e-23
1.182000000000000000e+03 1.394545638803765935e-23
1.183000000000000000e+03 1.354590349262424739e-23
1.184000000000000000e+03 1.340967224551836767e-23
1.185000000000000000e+03 1.276553375339742689e-23
1.186000000000000000e+03 1.395272892644653899e-23
1.187000000000000000e+03 1.477204827667358631e-23
1.188000000000000000e+03 1.401070250385778781e-23
1.189000000000000000e+03 1.366258841420613556e-23
1.190000000000000000e+03 1.263772885190212710e-23
1.191000000000000000e+03 1.225917352903284023e-23
1.192000000000000000e+03 1.296944891966170718e-23
1.193000000000000000e+03 1.330668931746866068e-23
1.194000000000000000e+03 1.421332322888468733e-23
1.195000000000000000e+03 1.408719181665533680e-23
1.196000000000000000e+03 1.363976671373884006e-23
1.197000000000000000e+03 1.396920843762343431e-23
1.198000000000000000e+03 1.471238455476252676e-23
1.199000000000000000e+03 1.239561574741480779e-23
1.200000000000000000e+03 1.358584243533375791e-23
1.201000000000000000e+03 1.604791005309099495e-23
1.202000000000000000e+03 1.540479265853052732e-23
1.203000000000000000e+03 1.490691809228030570e-23
1.204000000000000000e+03 1.343441564393934800e-23
1.205000000000000000e+03 1.460043054327804612e-23
1.206000000000000000e+03 1.502046804047581837e-23
1.207000000000000000e+03 1.480640820728867912e-23
1.208000000000000000e+03 1.452954211400793778e-23
1.209000000000000000e+03 1.364873364550095790e-23
1.210000000000000000e+03 1.328511201585121032e-23
1.211000000000000000e+03 1.362998875512820461e-23
1.212000000000000000e+03 1.399690324973269531e-23
1.213000000000000000e+03 1.358197792118580462e-23
1.214000000000000000e+03 1.287034317996290742e-23
1.215000000000000000e+03 1.366567122137614602e-23
1.216000000000000000e+03 1.434333494995823895e-23
1.217000000000000000e+03 1.335008256047047257e-23
1.218000000000000000e+03 1.308851663786099071e-23
1.219000000000000000e+03 1.350566112750624930e-23
1.220000000000000000e+03 1.438925446720292905e-23
1.221000000000000000e+03 1.402254948334977436e-23
1.222000000000000000e+03 1.331573340745648552e-23
1.223000000000000000e+03 1.480558341234973005e-23
1.224000000000000000e+03 1.498823253301841436e-23
1.225000000000000000e+03 1.406806737397580763e-23
1.226000000000000000e+03 1.301342997674937347e-23
1.227000000000000000e+03 1.261411289700701020e-23
1.228000000000000000e+03 1.328833317067179105e-23
1.229000000000000000e+03 1.540156817680189008e-23
1.230000000000000000e+03 1.527896749834902743e-23
1.231000000000000000e+03 1.365848778504436003e-23
1.232000000000000000e+03 1.333105431593108272e-23
1.233000000000000000e+03 1.377950218913790386e-23
1.234000000000000000e+03 1.414401239337205020e-23
1.235000000000000000e+03 1.319739467469141092e-23
1.236000000000000000e+03 1.262043850968192325e-23
1.237000000000000000e+03 1.359739477611196916e-23
1.238000000000000000e+03 1.421652016537550983e-23
1.239000000000000000e+03 1.395775861654633971e-23
1.240000000000000000e+03 1.433241210368549165e-23
1.241000000000000000e+03 1.260451686348339487e-23
1.242000000000000000e+03 1.437365671558936930e-23
1.243000000000000000e+03 1.486031278061714600e-23
1.244000000000000000e+03 1.462885131290681149e-23
1.245000000000000000e+03 1.394673721785645882e-23
1.246000000000000000e+03 1.394152794165908579e-23
1.247000000000000000e+03 1.367311780710242827e-23
1.248000000000000000e+03 1.308976862151497030e-23
1.249000000000000000e+03 1.391949382331907774e-23
1.250000000000000000e+03 1.538107595697411938e-23
1.251000000000000000e+03 1.579042761826851719e-23
1.252000000000000000e+03 1.429098818768351134e-23
1.253000000000000000e+03 1.470763155564544415e-23
1.254000000000000000e+03 1.403484256286956596e-23
1.255000000000000000e+03 1.397704704693732725e-23
1.256000000000000000e+03 1.428568809217453942e-23
1.257000000000000000e+03 1.567814742003326733e-23
1.258000000000000000e+03 1.466739159180761934e-23
1.259000000000000000e+03 1.532381148299634956e-23
1.260000000000000000e+03 1.633339466319973400e-23
1.261000000000000000e+03 1.524126209284126556e-23
1.262000000000000000e+03 1.425999970867892043e-23
1.263000000000000000e+03 1.326863091516949906e-23
1.264000000000000000e+03 1.442537351234613104e-23
1.265000000000000000e+03 1.319133737793161613e-23
1.266000000000000000e+03 1.395369910898032484e-23
1.267000000000000000e+03 1.481346083308999662e-23
1.268000000000000000e+03 1.463027896179078046e-23
1.269000000000000000e+03 1.692990885099277450e-23
1.270000000000000000e+03 1.741180787537829806e-23
1.271000000000000000e+03 1.526504939025157381e-23
1.272000000000000000e+03 1.721763667513537312e-23
1.273000000000000000e+03 2.481717267149277472e-23
1.274000000000000000e+03 1.876568072172272315e-23
1.275000000000000000e+03 1.400571366831381023e-23
1.276000000000000000e+03 1.367779263825823306e-23
1.277000000000000000e+03 1.443918715733814771e-23
1.278000000000000000e+03 1.450794785941743978e-23
1.279000000000000000e+03 1.362143598957065459e-23
1.280000000000000000e+03 1.365087674115100501e-23
1.281000000000000000e+03 1.346623262047576518e-23
1.282000000000000000e+03 1.281628921488024538e-23
1.283000000000000000e+03 1.479615923497849974e-23
1.284000000000000000e+03 1.428634433739411286e-23
1.285000000000000000e+03 1.419271663919507467e-23
1.286000000000000000e+03 1.365697692925437591e-23
1.287000000000000000e+03 1.528488862805108494e-23
1.288000000000000000e+03 1.705655261857169713e-23
1.289000000000000000e+03 1.584896042143212835e-23
1.290000000000000000e+03 1.648699627104974340e-23
1.291000000000000000e+03 1.537719057779774794e-23
1.292000000000000000e+03 1.458808033078446303e-23
1.293000000000000000e+03 1.397168267295683499e-23
1.294000000000000000e+03 1.521531371371685586e-23
1.295000000000000000e+03 1.416169914078853135e-23
1.296000000000000000e+03 1.447262908582270527e-23
1.297000000000000000e+03 1.422891424121265391e-23
1.298000000000000000e+03 1.248731853708545994e-23
1.299000000000000000e+03 1.257513269810418597e-23
1.300000000000000000e+03 1.389143891439066399e-23
1.301000000000000000e+03 1.530600268549082089e-23
1.302000000000000000e+03 1.494477637831323180e-23
1.303000000000000000e+03 1.392366655135991655e-23
1.304000000000000000e+03 1.488004184619789885e-23
1.305000000000000000e+03 1.448216194625580460e-23
1.306000000000000000e+03 1.383679595048727679e-23
1.307000000000000000e+03 1.535158871956046195e-23
1.308000000000000000e+03 1.540327602078930428e-23
1.309000000000000000e+03 1.532660582765503393e-23
1.310000000000000000e+03 1.385762771729307484e-23
1.311000000000000000e+03 1.411720353399470682e-23
1.312000000000000000e+03 1.414911608000135328e-23
1.313000000000000000e+03 1.631696694318760713e-23
1.314000000000000000e+03 1.519243910228260396e-23
1.315000000000000000e+03 1.536151187413733293e-23
1.316000000000000000e+03 1.558445642249003185e-23
1.317000000000000000e+03 1.494360272590917764e-23
1.318000000000000000e+03 1.377434621145638433e-23
1.319000000000000000e+03 1.280958496624003432e-23
1.320000000000000000e+03 1.401485393048382047e-23
1.321000000000000000e+03 1.581927091529796449e-23
1.322000000000000000e+03 1.517239564057203679e-23
1.323000000000000000e+03 1.474367464242205818e-23
1.324000000000000000e+03 1.494831610312522847e-23
1.325000000000000000e+03 1.694486273260652053e-23
1.326000000000000000e+03 1.613769802763786230e-23
1.327000000000000000e+03 1.502407003826987033e-23
1.328000000000000000e+03 1.488788041514654711e-23
1.329000000000000000e+03 1.471239198354517534e-23
1.330000000000000000e+03 1.469632578811995891e-23
1.331000000000000000e+03 1.414039110937900302e-23
1.332000000000000000e+03 1.462220337378301141e-23
1.333000000000000000e+03 1.459106231289587158e-23
1.334000000000000000e+03 1.485902049169697645e-23
1.335000000000000000e+03 1.626481444259544375e-23
1.336000000000000000e+03 1.635552787479441203e-23
1.337000000000000000e+03 1.477335650509421567e-23
1.338000000000000000e+03 1.446619737028003802e-23
1.339000000000000000e+03 1.487066305010949765e-23
1.340000000000000000e+03 1.683033210301758867e-23
1.341000000000000000e+03 1.579299892114268666e-23
1.342000000000000000e+03 1.469928267575367158e-23
1.343000000000000000e+03 1.631571940616395455e-23
1.344000000000000000e+03 1.781330716115865456e-23
1.345000000000000000e+03 1.626836669538760458e-23
1.346000000000000000e+03 1.572248209510986090e-23
1.347000000000000000e+03 1.645443551951209378e-23
1.348000000000000000e+03 1.500571993220715217e-23
1.349000000000000000e+03 1.532967615835182477e-23
1.350000000000000000e+03 1.567626305553858582e-23
1.351000000000000000e+03 1.332476344455280362e-23
1.352000000000000000e+03 1.471297317495551060e-23
1.353000000000000000e+03 1.659490053630415218e-23
1.354000000000000000e+03 1.573991674317986040e-23
1.355000000000000000e+03 1.461846968029811452e-23
1.356000000000000000e+03 1.624458335721310449e-23
1.357000000000000000e+03 1.603550673243839814e-23
1.358000000000000000e+03 1.594906301983841387e-23
1.359000000000000000e+03 1.690829562976493529e-23
1.360000000000000000e+03 1.573630320511975959e-23
1.361000000000000000e+03 1.597382967909121344e-23
1.362000000000000000e+03 1.783876373750755669e-23
1.363000000000000000e+03 1.647918779104750646e-23
1.364000000000000000e+03 1.712233447211366692e-23
1.365000000000000000e+03 1.911079209252596855e-23
1.366000000000000000e+03 1.697138614184545115e-23
1.367000000000000000e+03 1.487583106828397917e-23
1.368000000000000000e+03 1.509128006247403877e-23
1.369000000000000000e+03 1.532466023438195722e-23
1.370000000000000000e+03 1.571022499880830889e-23
1.371000000000000000e+03 1.604252122291428453e-23
1.372000000000000000e+03 1.524977694427292143e-23
1.373000000000000000e+03 1.526892433859284757e-23
1.374000000000000000e+03 1.697646962472912613e-23
1.375000000000000000e+03 1.610847999595414293e-23
1.376000000000000000e+03 1.483446546291710917e-23
1.377000000000000000e+03 1.516560236352295864e-23
1.378000000000000000e+03 1.510987303846672954e-23
1.379000000000000000e+03 1.637108858436024814e-23
1.380000000000000000e+03 1.544731060040766706e-23
1.381000000000000000e+03 1.620575629442228487e-23
1.382000000000000000e+03 1.736145341056223223e-23
1.383000000000000000e+03 1.515673501471309196e-23
1.384000000000000000e+03 1.571807360768552856e-23
1.385000000000000000e+03 1.798929808499618068e-23
1.386000000000000000e+03 1.814119716366355217e-23
1.387000000000000000e+03 1.592006295005094295e-23
1.388000000000000000e+03 1.623871546369271551e-23
1.389000000000000000e+03 1.710267708743908828e-23
1.390000000000000000e+03 1.558756938674293748e-23
1.391000000000000000e+03 1.473208259421101913e-23
1.392000000000000000e+03 1.437523236313725289e-23
1.393000000000000000e+03 1.524427100024318477e-23
1.394000000000000000e+03 1.639714776810969373e-23
1.395000000000000000e+03 1.734216726892075601e-23
1.396000000000000000e+03 1.772442750509252944e-23
1.397000000000000000e+03 1.643318624868186589e-23
1.398000000000000000e+03 1.690802406696933656e-23
1.399000000000000000e+03 1.461608951462327313e-23
1.400000000000000000e+03 1.353806978612458811e-23
1.401000000000000000e+03 1.582169606446719762e-23
1.402000000000000000e+03 1.586040572196678368e-23
1.403000000000000000e+03 1.649097475616978356e-23
1.404000000000000000e+03 1.678355347043691372e-23
1.405000000000000000e+03 1.648621847629798803e-23
1.406000000000000000e+03 1.754543756674244085e-23
1.407000000000000000e+03 1.675823002931216067e-23
1.408000000000000000e+03 1.652059483993187226e-23
1.409000000000000000e+03 1.558752731037097747e-23
1.410000000000000000e+03 1.565248912971820794e-23
1.411000000000000000e+03 1.813142687622023761e-23
1.412000000000000000e+03 1.716014588828536773e-23
1.413000000000000000e+03 1.491662757194912335e-23
1.414000000000000000e+03 1.786567665797553903e-23
1.415000000000000000e+03 1.648138481539697180e-23
1.416000000000000000e+03 1.646721410895532019e-23
1.417000000000000000e+03 1.589975898013588337e-23
1.418000000000000000e+03 1.489984606574521601e-23
1.419000000000000000e+03 1.431424037706126817e-23
1.420000000000000000e+03 1.499183345547120691e-23
1.421000000000000000e+03 1.564624857837276492e-23
1.422000000000000000e+03 1.545044146039749877e-23
1.423000000000000000e+03 1.862669105337820168e-23
1.424000000000000000e+03 1.708214146844173196e-23
1.425000000000000000e+03 1.694862870359967735e-23
1.426000000000000000e+03 1.707270342539162826e-23
1.427000000000000000e+03 1.595489536577776169e-23
1.428000000000000000e+03 1.690170785328682633e-23
1.429000000000000000e+03 1.717065915605113237e-23
1.430000000000000000e+03 1.605345352990224058e-23
1.431000000000000000e+03 1.563635415088992015e-23
1.432000000000000000e+03 1.504936394268053812e-23
1.433000000000000000e+03 1.572467278990253054e-23
1.434000000000000000e+03 1.793772932650695780e-23
1.435000000000000000e+03 1.804809354155172550e-23
1.436000000000000000e+03 1.571421810010995436e-23
1.437000000000000000e+03 1.720534006473484893e-23
1.438000000000000000e+03 1.838435205251021462e-23
1.439000000000000000e+03 1.805481263629965354e-23
1.440000000000000000e+03 1.632229080753357223e-23
1.441000000000000000e+03 1.652769451492814473e-23
1.442000000000000000e+03 1.751029549826461583e-23
1.443000000000000000e+03 1.649429285648764497e-23
1.444000000000000000e+03 1.524331909393320762e-23
1.445000000000000000e+03 1.354752277753244842e-23
1.446000000000000000e+03 1.488497049688953656e-23
1.447000000000000000e+03 1.595869271582836312e-23
1.448000000000000000e+03 1.663328267993223077e-23
1.449000000000000000e+03 1.621976011253415067e-23
1.450000000000000000e+03 1.525321536755172402e-23
1.451000000000000000e+03 1.648300542884533813e-23
1.452000000000000000e+03 1.551371294501266938e-23
1.453000000000000000e+03 1.690149524265824560e-23
1.454000000000000000e+03 1.896939725064784416e-23
1.455000000000000000e+03 1.725857889419889267e-23
1.456000000000000000e+03 1.655302678431657827e-23
1.457000000000000000e+03 2.451903111424767500e-23
1.458000000000000000e+03 2.685382005913840453e-23
1.459000000000000000e+03 1.786104901658021257e-23
1.460000000000000000e+03 1.787204778104887685e-23
1.461000000000000000e+03 1.876389552679080609e-23
1.462000000000000000e+03 2.001869242599408797e-23
1.463000000000000000e+03 1.841272155019366330e-23
1.464000000000000000e+03 1.572592791809414275e-23
1.465000000000000000e+03 1.653572317707779928e-23
1.466000000000000000e+03 1.844646641015391485e-23
1.467000000000000000e+03 1.772234212499049532e-23
1.468000000000000000e+03 1.753798292366314966e-23
1.469000000000000000e+03 2.224545532135343610e-23
1.470000000000000000e+03 6.018006846763507050e-23
1.471000000000000000e+03 7.884346307169809165e-23
1.472000000000000000e+03 2.749395230585566638e-23
1.473000000000000000e+03 1.631074662010759638e-23
1.474000000000000000e+03 1.550463462033086256e-23
1.475000000000000000e+03 1.619698621163452062e-23
1.476000000000000000e+03 1.698680221096626404e-23
1.477000000000000000e+03 1.766764635180254952e-23
1.478000000000000000e+03 1.684936182779580652e-23
1.479000000000000000e+03 1.695548182928866381e-23
1.480000000000000000e+03 1.810650028629465168e-23
1.481000000000000000e+03 1.807376175173583524e-23
1.482000000000000000e+03 1.734902221337488332e-23
1.483000000000000000e+03 1.665515641988275948e-23
1.484000000000000000e+03 1.793554070416928306e-23
1.485000000000000000e+03 1.668333794868676911e-23
1.486000000000000000e+03 1.572633738494948343e-23
1.487000000000000000e+03 1.782059172490487985e-23
1.488000000000000000e+03 1.839440322933410706e-23
1.489000000000000000e+03 1.846146337923773365e-23
1.490000000000000000e+03 1.787118988259060962e-23
1.491000000000000000e+03 1.975141093387051671e-23
1.492000000000000000e+03 4.014186092537096171e-23
1.493000000000000000e+03 4.600207669220486193e-23
1.494000000000000000e+03 5.790436849660610344e-23
1.495000000000000000e+03 2.124670404371283178e-22
1.496000000000000000e+03 4.357215004516142305e-22
1.497000000000000000e+03 3.798207737232050404e-22
1.498000000000000000e+03 4.193362821287005647e-22
1.499000000000000000e+03 1.693498804754140368e-22
1.500000000000000000e+03 4.639865078091008055e-23
1.501000000000000000e+03 1.849766795557780709e-23
1.502000000000000000e+03 4.449948401903731786e-23
1.503000000000000000e+03 1.275035660028426799e-22
1.504000000000000000e+03 1.661684907219520317e-22
1.505000000000000000e+03 1.521219226088815614e-22
1.506000000000000000e+03 7.324230943617626100e-23
1.507000000000000000e+03 1.963468061114380934e-23
1.508000000000000000e+03 1.761173905833957935e-23
1.509000000000000000e+03 3.317224185695452275e-23
1.510000000000000000e+03 2.286858098000431374e-22
1.511000000000000000e+03 2.883067172072647186e-22
1.512000000000000000e+03 8.571494921474418799e-23
1.513000000000000000e+03 1.754515097422854883e-23
1.514000000000000000e+03 1.728756821085193258e-23
1.515000000000000000e+03 1.599095040816873450e-23
1.516000000000000000e+03 1.806489222242691211e-23
1.517000000000000000e+03 2.023979608068691487e-23
1.518000000000000000e+03 1.914454381235505820e-23
1.519000000000000000e+03 1.938232363712744566e-23
1.520000000000000000e+03 1.825300055558865109e-23
1.521000000000000000e+03 1.645882432185709740e-23
1.522000000000000000e+03 1.609343620177704593e-23
1.523000000000000000e+03 1.747590396307161523e-23
1.524000000000000000e+03 1.829768583764360660e-23
1.525000000000000000e+03 1.786985365507438147e-23
1.526000000000000000e+03 1.745865744336273317e-23
1.527000000000000000e+03 1.834407136051739780e-23
1.528000000000000000e+03 1.852476079298103934e-23
1.529000000000000000e+03 1.955529436855070901e-23
1.530000000000000000e+03 1.988039692790534083e-23
1.531000000000000000e+03 1.637223210709947785e-23
1.532000000000000000e+03 1.630380088992205567e-23
1.533000000000000000e+03 1.553491813429529100e-23
1.534000000000000000e+03 1.535465714286666164e-23
1.535000000000000000e+03 1.515573311708693547e-23
1.536000000000000000e+03 1.626590990547222751e-23
1.537000000000000000e+03 1.610045828369983382e-23
1.538000000000000000e+03 1.519225652829146491e-23
1.539000000000000000e+03 1.716707755163645470e-23
1.540000000000000000e+03 1.603699919588305261e-23
1.541000000000000000e+03 1.609952001234383029e-23
1.542000000000000000e+03 1.826443960624906450e-23
1.543000000000000000e+03 1.799162825667664048e-23
1.544000000000000000e+03 1.855614350285645926e-23
1.545000000000000000e+03 1.713656194105945230e-23
1.546000000000000000e+03 1.639233831291558359e-23
1.547000000000000000e+03 1.739546916470323753e-23
1.548000000000000000e+03 1.674646810046347626e-23
1.549000000000000000e+03 1.644203335298374547e-23
1.550000000000000000e+03 1.856743552231853078e-23
1.551000000000000000e+03 1.936604634953094229e-23
1.552000000000000000e+03 1.861740132895630574e-23
1.553000000000000000e+03 1.728577034596629147e-23
1.554000000000000000e+03 1.689963281846635602e-23
1.555000000000000000e+03 1.808378335138894134e-23
1.556000000000000000e+03 1.908631243916538052e-23
1.557000000000000000e+03 1.923991307602712805e-23
1.558000000000000000e+03 1.762258520875966125e-23
1.559000000000000000e+03 1.792589958472644034e-23
1.560000000000000000e+03 1.856980653354048885e-23
1.561000000000000000e+03 1.771222704050798755e-23
1.562000000000000000e+03 1.868041067597954017e-23
1.563000000000000000e+03 1.812679120489555066e-23
1.564000000000000000e+03 1.697113623685544102e-23
1.565000000000000000e+03 1.748295044280076647e-23
1.566000000000000000e+03 1.806001566620269686e-23
1.567000000000000000e+03 1.745491720481501345e-23
1.568000000000000000e+03 1.658086090509205357e-23
1.569000000000000000e+03 1.789340998083479444e-23
1.570000000000000000e+03 1.626181989524458806e-23
1.571000000000000000e+03 1.963074993160573099e-23
1.572000000000000000e+03 1.892416944804098214e-23
1.573000000000000000e+03 1.481613223200682091e-23
1.574000000000000000e+03 1.728677601587046993e-23
1.575000000000000000e+03 1.826055944910609749e-23
1.576000000000000000e+03 1.740119283205372508e-23
1.577000000000000000e+03 1.701958850341308699e-23
1.578000000000000000e+03 1.817796642851419908e-23
1.579000000000000000e+03 1.893590369712144574e-23
1.580000000000000000e+03 1.971553731455144919e-23
1.581000000000000000e+03 1.932675384213025018e-23
1.582000000000000000e+03 1.704274090872564749e-23
1.583000000000000000e+03 1.679531367544294267e-23
1.584000000000000000e+03 1.634592345126028768e-23
1.585000000000000000e+03 1.591602497135072059e-23
1.586000000000000000e+03 1.707084263442230037e-23
1.587000000000000000e+03 1.754199163717608915e-23
1.588000000000000000e+03 1.796462212175431537e-23
1.589000000000000000e+03 1.823416032352129117e-23
1.590000000000000000e+03 1.881149933344294928e-23
1.591000000000000000e+03 1.726392938229490682e-23
1.592000000000000000e+03 1.864640902716096585e-23
1.593000000000000000e+03 2.171855901218708064e-23
1.594000000000000000e+03 1.912633293273147259e-23
1.595000000000000000e+03 1.842100645896089313e-23
1.596000000000000000e+03 1.813803007667809754e-23
1.597000000000000000e+03 1.878549297217132306e-23
1.598000000000000000e+03 1.775617654460598189e-23
1.599000000000000000e+03 1.881202181349241158e-23
1.600000000000000000e+03 1.767636146150205984e-23
1.601000000000000000e+03 1.913674532675195447e-23
1.602000000000000000e+03 1.954291387788505009e-23
1.603000000000000000e+03 1.959750759021067660e-23
1.604000000000000000e+03 1.798351072285283295e-23
1.605000000000000000e+03 1.643601279522691349e-23
1.606000000000000000e+03 1.685680527531838559e-23
1.607000000000000000e+03 1.754561328564844838e-23
1.608000000000000000e+03 1.770238080049337798e-23
1.609000000000000000e+03 1.841567223322390767e-23
1.610000000000000000e+03 2.023059286557070633e-23
1.611000000000000000e+03 1.996014661657404617e-23
1.612000000000000000e+03 1.929742794897661654e-23
1.613000000000000000e+03 1.748848883617361166e-23
1.614000000000000000e+03 1.771356555253331628e-23
1.615000000000000000e+03 1.585601797560638558e-23
1.616000000000000000e+03 1.708120682364040173e-23
1.617000000000000000e+03 1.950362999862953803e-23
1.618000000000000000e+03 1.852399021109236356e-23
1.619000000000000000e+03 1.876722998318035985e-23
1.620000000000000000e+03 1.955036500207311035e-23
1.621000000000000000e+03 1.888728062822858649e-23
1.622000000000000000e+03 1.728355419494320536e-23
1.623000000000000000e+03 1.957092207246726708e-23
1.624000000000000000e+03 1.887787842311740495e-23
1.625000000000000000e+03 1.866068624761019582e-23
1.626000000000000000e+03 1.940997500926431033e-23
1.627000000000000000e+03 1.719278699920002072e-23
1.628000000000000000e+03 1.820013410880429654e-23
1.629000000000000000e+03 2.079744347089155177e-23
1.630000000000000000e+03 1.911663707479707493e-23
1.631000000000000000e+03 1.848042624553048879e-23
1.632000000000000000e+03 1.832947001442952542e-23
1.633000000000000000e+03 1.815860488101486082e-23
1.634000000000000000e+03 1.934706675257986208e-23
1.635000000000000000e+03 1.826541019070956855e-23
1.636000000000000000e+03 1.639779807181950486e-23
1.637000000000000000e+03 1.571298323432672783e-23
1.638000000000000000e+03 1.728469782160878400e-23
1.639000000000000000e+03 1.928529609141471953e-23
1.640000000000000000e+03 1.966826928279400558e-23
1.641000000000000000e+03 1.967780486493083989e-23
1.642000000000000000e+03 1.890539036760928377e-23
1.643000000000000000e+03 1.775350985564315405e-23
1.644000000000000000e+03 1.684132433805367875e-23
1.645000000000000000e+03 1.887221343089801709e-23
1.646000000000000000e+03 1.905877291488837819e-23
1.647000000000000000e+03 1.739234917791543354e-23
1.648000000000000000e+03 1.770154377399536618e-23
1.649000000000000000e+03 1.887855176176884096e-23
1.650000000000000000e+03 1.933740579192636513e-23
1.651000000000000000e+03 1.942613693597780879e-23
1.652000000000000000e+03 1.739033713218499733e-23
1.653000000000000000e+03 1.767565901812210787e-23
1.654000000000000000e+03 1.793891575257452656e-23
1.655000000000000000e+03 1.705299183697952453e-23
1.656000000000000000e+03 1.881281618043330219e-23
1.657000000000000000e+03 1.820260928227462418e-23
1.658000000000000000e+03 1.798292027125656884e-23
1.659000000000000000e+03 1.900055435093937742e-23
1.660000000000000000e+03 1.764305238649868046e-23
1.661000000000000000e+03 1.553738056500080176e-23
1.662000000000000000e+03 1.635038292841279783e-23
1.663000000000000000e+03 1.711487889694898479e-23
1.664000000000000000e+03 1.907533328396090286e-23
1.665000000000000000e+03 3.454924711991667368e-23
1.666000000000000000e+03 3.098418432453210607e-23
1.667000000000000000e+03 1.774021226850529531e-23
1.668000000000000000e+03 1.663876805293662063e-23
1.669000000000000000e+03 1.764424926722660730e-23
1.670000000000000000e+03 1.734038262007129007e-23
1.671000000000000000e+03 1.710638321641858669e-23
1.672000000000000000e+03 1.714456265355435378e-23
1.673000000000000000e+03 1.708344856138994911e-23
1.674000000000000000e+03 1.719975115871446185e-23
1.675000000000000000e+03 1.651174249558120575e-23
1.676000000000000000e+03 1.571456095197183795e-23
1.677000000000000000e+03 1.563175901468623523e-23
1.678000000000000000e+03 1.670774366630885075e-23
1.679000000000000000e+03 1.642071826562090776e-23
1.680000000000000000e+03 1.693271758180947610e-23
1.681000000000000000e+03 1.622782191106623969e-23
1.682000000000000000e+03 1.688823729518234775e-23
1.683000000000000000e+03 1.874471866839529555e-23
1.684000000000000000e+03 1.651127974041068706e-23
1.685000000000000000e+03 1.534886081765486697e-23
1.686000000000000000e+03 1.490729319295717285e-23
1.687000000000000000e+03 1.619959442308727630e-23
1.688000000000000000e+03 1.661553084608968116e-23
1.689000000000000000e+03 1.690223983519459312e-23
1.690000000000000000e+03 1.648900488750066518e-23
1.691000000000000000e+03 1.686271104380194007e-23
1.692000000000000000e+03 1.674860281425278282e-23
1.693000000000000000e+03 1.545506214842692381e-23
1.694000000000000000e+03 1.516177443334840557e-23
1.695000000000000000e+03 1.539201855801320037e-23
1.696000000000000000e+03 1.347179949546004882e-23
1.697000000000000000e+03 1.268857110754838034e-23
1.698000000000000000e+03 1.455601910505347530e-23
1.699000000000000000e+03 1.676646570424382448e-23
1.700000000000000000e+03 1.610499978647090470e-23
1.701000000000000000e+03 1.478336441008796529e-23
1.702000000000000000e+03 1.584120317864840133e-23
1.703000000000000000e+03 1.608489131708008021e-23
1.704000000000000000e+03 1.487447971037694769e-23
1.705000000000000000e+03 1.343617567466029674e-23
1.706000000000000000e+03 1.315314202214162810e-23
1.707000000000000000e+03 1.498042856605406386e-23
1.708000000000000000e+03 1.471340280639630449e-23
1.709000000000000000e+03 1.157120548551881704e-23
1.710000000000000000e+03 1.241377290474400620e-23
1.711000000000000000e+03 1.355250476036956640e-23
1.712000000000000000e+03 1.344310071774334460e-23
1.713000000000000000e+03 1.432133888256534332e-23
1.714000000000000000e+03 1.352107310605384033e-23
1.715000000000000000e+03 1.277266698585352992e-23
1.716000000000000000e+03 1.196702938249770001e-23
1.717000000000000000e+03 1.174870100899589621e-23
1.718000000000000000e+03 1.281892116455711061e-23
1.719000000000000000e+03 1.406577246508988103e-23
1.720000000000000000e+03 1.391110159881251816e-23
1.721000000000000000e+03 1.274480921338787942e-23
1.722000000000000000e+03 1.233965564265411271e-23
1.723000000000000000e+03 1.270576741498885393e-23
1.724000000000000000e+03 1.252747971981181968e-23
1.725000000000000000e+03 1.342436744683380881e-23
1.726000000000000000e+03 1.347348819847008611e-23
1.727000000000000000e+03 1.181948244113568319e-23
1.728000000000000000e+03 1.194082738846891723e-23
1.729000000000000000e+03 1.134632206417724594e-23
1.730000000000000000e+03 1.256777803358730411e-23
1.731000000000000000e+03 1.170190780812986796e-23
1.732000000000000000e+03 1.037297610582195677e-23
1.733000000000000000e+03 1.045341626156445583e-23
1.734000000000000000e+03 9.950690668785423412e-24
1.735000000000000000e+03 9.497955646573946535e-24
1.736000000000000000e+03 9.577347499506258017e-24
1.737000000000000000e+03 9.712069933831837875e-24
1.738000000000000000e+03 9.890374566658538349e-24
1.739000000000000000e+03 1.077959022974812699e-23
1.740000000000000000e+03 1.076445725234221152e-23
1.741000000000000000e+03 1.004206981995322276e-23
1.742000000000000000e+03 1.002081442922379368e-23
1.743000000000000000e+03 1.005030318467061919e-23
1.744000000000000000e+03 8.634371095873732552e-24
1.745000000000000000e+03 8.609563428122493087e-24
1.746000000000000000e+03 8.615891139946758076e-24
1.747000000000000000e+03 8.849526790406739429e-24
1.748000000000000000e+03 8.784716096129117535e-24
1.749000000000000000e+03 8.759260291545693220e-24
1.750000000000000000e+03 8.761038314018609289e-24
1.751000000000000000e+03 8.147046342175993510e-24
1.752000000000000000e+03 8.047988512113116157e-24
1.753000000000000000e+03 8.562860733058789163e-24
1.754000000000000000e+03 8.361968601268249336e-24
1.755000000000000000e+03 7.880770461952482897e-24
1.756000000000000000e+03 7.902170033896179536e-24
1.757000000000000000e+03 7.674245307819854285e-24
1.758000000000000000e+03 7.567730746140341209e-24
1.759000000000000000e+03 6.999765012928509097e-24
1.760000000000000000e+03 7.322987204047224758e-24
1.761000000000000000e+03 7.850530993723506816e-24
1.762000000000000000e+03 7.093173595319306402e-24
1.763000000000000000e+03 7.035789886510310595e-24
1.764000000000000000e+03 6.649224324342055584e-24
1.765000000000000000e+03 7.064919623280963015e-24
1.766000000000000000e+03 7.077380893493727837e-24
1.767000000000000000e+03 6.652669603857273277e-24
1.768000000000000000e+03 7.064086708068681823e-24
1.769000000000000000e+03 6.802288973193430026e-24
1.770000000000000000e+03 6.884017464566998849e-24
1.771000000000000000e+03 6.574355271676359385e-24
1.772000000000000000e+03 6.336695369442652086e-24
1.773000000000000000e+03 6.806690019497026632e-24
1.774000000000000000e+03 6.252613828601774146e-24
1.775000000000000000e+03 5.793370473680638942e-24
1.776000000000000000e+03 5.616642424985439020e-24
1.777000000000000000e+03 5.608544866999072787e-24
1.778000000000000000e+03 5.865789914701356282e-24
1.779000000000000000e+03 5.794554492479488018e-24
1.780000000000000000e+03 5.444147623867839665e-24
1.781000000000000000e+03 5.779410977565526080e-24
1.782000000000000000e+03 5.392484624629658287e-24
1.783000000000000000e+03 5.482564458530401813e-24
1.784000000000000000e+03 5.038735014890765358e-24
1.785000000000000000e+03 4.564518222800002077e-24
1.786000000000000000e+03 5.060559999154648819e-24
1.787000000000000000e+03 4.864408335011149277e-24
1.788000000000000000e+03 4.509583497521931104e-24
1.789000000000000000e+03 4.853101929635381153e-24
1.790000000000000000e+03 4.614668464569485845e-24
1.791000000000000000e+03 4.469589499928542767e-24
1.792000000000000000e+03 4.691031706416300068e-24
1.793000000000000000e+03 4.135004180751370035e-24
1.794000000000000000e+03 4.147464284948758891e-24
1.795000000000000000e+03 4.042943072623032187e-24
1.796000000000000000e+03 4.141889127612342953e-24
1.797000000000000000e+03 4.177609646460393840e-24
1.798000000000000000e+03 4.342972088980875099e-24
1.799000000000000000e+03 4.045985054859223855e-24
1.800000000000000000e+03 3.916644454153867981e-24
1.801000000000000000e+03 3.916182614789285908e-24
1.802000000000000000e+03 3.570876673558760236e-24
1.803000000000000000e+03 3.321905193072374740e-24
1.804000000000000000e+03 3.236680019930441387e-24
1.805000000000000000e+03 3.214414466791533153e-24
1.806000000000000000e+03 3.523486806358811507e-24
1.807000000000000000e+03 3.518121555279046669e-24
1.808000000000000000e+03 3.326190275754876873e-24
1.809000000000000000e+03 3.251409044644681501e-24
1.810000000000000000e+03 3.155602684899539761e-24
1.811000000000000000e+03 3.228381033302540740e-24
1.812000000000000000e+03 2.988380044068020407e-24
1.813000000000000000e+03 2.960755781756843579e-24
1.814000000000000000e+03 2.968062676336236211e-24
1.815000000000000000e+03 3.214551295904506462e-24
1.816000000000000000e+03 2.912574090222226995e-24
1.817000000000000000e+03 2.718306340944538205e-24
1.818000000000000000e+03 2.939482438946977153e-24
1.819000000000000000e+03 2.787415494021424645e-24
1.820000000000000000e+03 2.245854666095006535e-24
1.821000000000000000e+03 2.440395269833524829e-24
1.822000000000000000e+03 2.644457686271871275e-24
1.823000000000000000e+03 2.531843087849010274e-24
1.824000000000000000e+03 2.481280501745423159e-24
1.825000000000000000e+03 2.185240093253107615e-24
1.826000000000000000e+03 2.251080356815906867e-24
1.827000000000000000e+03 2.262716272683318176e-24
1.828000000000000000e+03 2.250938768325949733e-24
1.829000000000000000e+03 2.079581506878473251e-24
1.830000000000000000e+03 1.962829163975201409e-24
1.831000000000000000e+03 2.025884806433354481e-24
1.832000000000000000e+03 2.177326556851256219e-24
1.833000000000000000e+03 1.946860900343972464e-24
1.834000000000000000e+03 2.028090141833597927e-24
1.835000000000000000e+03 1.977117157674020897e-24
1.836000000000000000e+03 1.918951048983853440e-24
1.837000000000000000e+03 1.837483684410734272e-24
1.838000000000000000e+03 1.795955916745036731e-24
1.839000000000000000e+03 2.078400982637357978e-24
1.840000000000000000e+03 2.048110045951669095e-24
1.841000000000000000e+03 1.645311320229295678e-24
1.842000000000000000e+03 1.741516718927075239e-24
1.843000000000000000e+03 1.582423317254648384e-24
1.844000000000000000e+03 1.510059730948309629e-24
1.845000000000000000e+03 1.659787518411570681e-24
1.846000000000000000e+03 1.632158837005509194e-24
1.847000000000000000e+03 1.595545333781024505e-24
1.848000000000000000e+03 1.608438918695701443e-24
1.849000000000000000e+03 1.603430904088392783e-24
1.850000000000000000e+03 1.504362624302385893e-24
1.851000000000000000e+03 1.512761753536189935e-24
1.852000000000000000e+03 1.414701635472994506e-24
1.853000000000000000e+03 1.300841656295315150e-24
1.854000000000000000e+03 1.400056975575317478e-24
1.855000000000000000e+03 1.509931370333881403e-24
1.856000000000000000e+03 1.501448850194287626e-24
1.857000000000000000e+03 1.308457765341360037e-24
1.858000000000000000e+03 1.384418019930730325e-24
1.859000000000000000e+03 1.392344547831350638e-24
1.860000000000000000e+03 1.383305942082989583e-24
1.861000000000000000e+03 1.392262571214268886e-24
1.862000000000000000e+03 1.293351465320883727e-24
1.863000000000000000e+03 1.359171275513077003e-24
1.864000000000000000e+03 1.190770602084974744e-24
1.865000000000000000e+03 1.076613308821266597e-24
1.866000000000000000e+03 1.104620617864087903e-24
1.867000000000000000e+03 1.163036268017321874e-24
1.868000000000000000e+03 1.167536729248441516e-24
1.869000000000000000e+03 1.217131157894485308e-24
1.870000000000000000e+03 1.241177078536165355e-24
1.871000000000000000e+03 1.091856283195300781e-24
1.872000000000000000e+03 1.066319234621960737e-24
1.873000000000000000e+03 1.128278061042806759e-24
1.874000000000000000e+03 1.058796306161399814e-24
1.875000000000000000e+03 9.664684057105583204e-25
1.876000000000000000e+03 1.026823125943255500e-24
1.877000000000000000e+03 1.031162489831049204e-24
1.878000000000000000e+03 1.018328864387889425e-24
1.879000000000000000e+03 9.161751140980081250e-25
1.880000000000000000e+03 8.578754096992875421e-25
1.881000000000000000e+03 8.854502811972859580e-25
1.882000000000000000e+03 9.339811257386567224e-25
1.883000000000000000e+03 9.091481455575343897e-25
1.884000000000000000e+03 8.088202585946382690e-25
1.885000000000000000e+03 7.876758328860362654e-25
1.886000000000000000e+03 7.572810960557749479e-25
1.887000000000000000e+03 8.844913876174804796e-25
1.888000000000000000e+03 8.179365141380482884e-25
1.889000000000000000e+03 7.883880073423688040e-25
1.890000000000000000e+03 7.411344342436325342e-25
1.891000000000000000e+03 8.087010346750151769e-25
1.892000000000000000e+03 7.523741554355826547e-25
1.893000000000000000e+03 8.585769709221892390e-25
1.894000000000000000e+03 8.072069721507221230e-25
1.895000000000000000e+03 7.628774209765762667e-25
1.896000000000000000e+03 7.121515506222487855e-25
1.897000000000000000e+03 7.236289298337773812e-25
1.898000000000000000e+03 6.874416999247189087e-25
1.899000000000000000e+03 7.004910829820963111e-25
1.900000000000000000e+03 7.366711729937585514e-25
1.901000000000000000e+03 7.084964131667504683e-25
1.902000000000000000e+03 6.438639900708923639e-25
1.903000000000000000e+03 6.865971495668198644e-25
1.904000000000000000e+03 6.459623348392541370e-25
1.905000000000000000e+03 6.547025554780929627e-25
1.906000000000000000e+03 6.286335755251815587e-25
1.907000000000000000e+03 6.228964510967395367e-25
1.908000000000000000e+03 5.843291337342325738e-25
1.909000000000000000e+03 6.251341238442331134e-25
1.910000000000000000e+03 5.760572444825880506e-25
1.911000000000000000e+03 5.186628816156868058e-25
1.912000000000000000e+03 5.721582175763979796e-25
1.913000000000000000e+03 5.374992444103895961e-25
1.914000000000000000e+03 5.681667096691079847e-25
1.915000000000000000e+03 5.619301357485980091e-25
1.916000000000000000e+03 5.982141629681836031e-25
1.917000000000000000e+03 5.482997093649081478e-25
1.918000000000000000e+03 5.020454741250052757e-25
1.919000000000000000e+03 4.349643341389119197e-25
1.920000000000000000e+03 4.237949449670857968e-25
1.921000000000000000e+03 4.897356671980120133e-25
1.922000000000000000e+03 6.079983485555475532e-25
1.923000000000000000e+03 5.921635616981141718e-25
1.924000000000000000e+03 4.730696386692139782e-25
1.925000000000000000e+03 4.608562715170353617e-25
1.926000000000000000e+03 4.747641653557383805e-25
1.927000000000000000e+03 4.381260572747259794e-25
1.928000000000000000e+03 4.552329054525078264e-25
1.929000000000000000e+03 4.420135729590560073e-25
1.930000000000000000e+03 4.036787556245572837e-25
1.931000000000000000e+03 4.175634643512548370e-25
1.932000000000000000e+03 3.929574132423501888e-25
1.933000000000000000e+03 3.654404169874574055e-25
1.934000000000000000e+03 3.435657390663753824e-25
1.935000000000000000e+03 3.530847727769313482e-25
1.936000000000000000e+03 3.488039491767630511e-25
1.937000000000000000e+03 3.499060675013211769e-25
1.938000000000000000e+03 3.805894934385132444e-25
1.939000000000000000e+03 3.751186564536169857e-25
1.940000000000000000e+03 4.132004178543099948e-25
1.941000000000000000e+03 5.329982271402049024e-25
1.942000000000000000e+03 4.108482364837913486e-25
1.943000000000000000e+03 3.387950928207788000e-25
1.944000000000000000e+03 3.203327636111627788e-25
1.945000000000000000e+03 3.164666753778301705e-25
1.946000000000000000e+03 3.322021823387286494e-25
1.947000000000000000e+03 3.249092660216800668e-25
1.948000000000000000e+03 2.958244401803093405e-25
1.949000000000000000e+03 3.091402350230024889e-25
1.950000000000000000e+03 3.164129105446545505e-25
1.951000000000000000e+03 2.756721399745192181e-25
1.952000000000000000e+03 2.643295252919892564e-25
1.953000000000000000e+03 3.530057442153843250e-25
1.954000000000000000e+03 4.613986603578454913e-25
1.955000000000000000e+03 2.854614564875148769e-25
1.956000000000000000e+03 2.715649640279680201e-25
1.957000000000000000e+03 2.863779449636258235e-25
1.958000000000000000e+03 3.159371096653239755e-25
1.959000000000000000e+03 2.924400904639093462e-25
1.960000000000000000e+03 2.867657988464949638e-25
1.961000000000000000e+03 7.336295111313994089e-25
1.962000000000000000e+03 2.012491899332097781e-24
1.963000000000000000e+03 1.351111792855819941e-24
1.964000000000000000e+03 2.438871393829386390e-25
1.965000000000000000e+03 6.154442393441609728e-25
1.966000000000000000e+03 1.391816592222529035e-24
1.967000000000000000e+03 8.975771213090319014e-25
1.968000000000000000e+03 2.565089504491426561e-25
1.969000000000000000e+03 1.900367189681507248e-25
1.970000000000000000e+03 2.071598585874820649e-25
1.971000000000000000e+03 2.325712635862783542e-25
1.972000000000000000e+03 2.599385349803144589e-25
1.973000000000000000e+03 5.556185689333412523e-25
1.974000000000000000e+03 4.082129078669306893e-25
1.975000000000000000e+03 2.151247416314489934e-25
1.976000000000000000e+03 2.106626322297543433e-25
1.977000000000000000e+03 3.077502056728866251e-25
1.978000000000000000e+03 4.614488201073288063e-25
1.979000000000000000e+03 2.678776491185565800e-25
1.980000000000000000e+03 1.895523809468727720e-25
1.981000000000000000e+03 1.932182446269708885e-25
1.982000000000000000e+03 4.243268211448559807e-25
1.983000000000000000e+03 4.276412641943744008e-25
1.984000000000000000e+03 2.409241029004170704e-25
1.985000000000000000e+03 7.859759911551778101e-25
1.986000000000000000e+03 8.725082071012464172e-25
1.987000000000000000e+03 6.267973806330382681e-25
1.988000000000000000e+03 1.350768510801538121e-24
1.989000000000000000e+03 9.399311644570253022e-25
1.990000000000000000e+03 4.087920882562301175e-25
1.991000000000000000e+03 2.293334302255034464e-25
1.992000000000000000e+03 1.773099314773259422e-25
1.993000000000000000e+03 1.689498055071988934e-25
1.994000000000000000e+03 1.466027394588081270e-25
1.995000000000000000e+03 1.554069118896463277e-25
1.996000000000000000e+03 1.608288543079894304e-25
1.997000000000000000e+03 1.580343208918097165e-25
1.998000000000000000e+03 1.346555801795166939e-25
1.999000000000000000e+03 1.396179756536615538e-25
2.000000000000000000e+03 1.440140823400940191e-25
2.001000000000000000e+03 1.546797508350855130e-25
2.002000000000000000e+03 1.506696130069258110e-25
2.003000000000000000e+03 1.350103521931613542e-25
2.004000000000000000e+03 1.293048074233199915e-25
2.005000000000000000e+03 1.255039129675445329e-25
2.006000000000000000e+03 1.268586423613156526e-25
2.007000000000000000e+03 1.209992635669363091e-25
2.008000000000000000e+03 1.425230401951357942e-25
2.009000000000000000e+03 1.479412397295659961e-25
2.010000000000000000e+03 1.410956842755916277e-25
2.011000000000000000e+03 1.302409666014175479e-25
2.012000000000000000e+03 1.241018337156066198e-25
2.013000000000000000e+03 1.272694064886008032e-25
2.014000000000000000e+03 1.231214341795611735e-25
2.015000000000000000e+03 1.122242817547597512e-25
2.016000000000000000e+03 1.241899551369282389e-25
2.017000000000000000e+03 1.273420562955924095e-25
2.018000000000000000e+03 1.161417840301024897e-25
2.019000000000000000e+03 1.140355095280733999e-25
2.020000000000000000e+03 1.056631204656075410e-25
2.021000000000000000e+03 1.090973886759060013e-25
2.022000000000000000e+03 1.075731291863261607e-25
2.023000000000000000e+03 1.087286361465746785e-25
2.024000000000000000e+03 1.056083644656244785e-25
2.025000000000000000e+03 1.022257312361332096e-25
2.026000000000000000e+03 1.161542341700826252e-25
2.027000000000000000e+03 1.119439623124343721e-25
2.028000000000000000e+03 1.147572533662927485e-25
2.029000000000000000e+03 1.056770178174185858e-25
2.030000000000000000e+03 9.395922292381580019e-26
2.031000000000000000e+03 9.818841259598113471e-26
2.032000000000000000e+03 9.842107146374256143e-26
2.033000000000000000e+03 1.090292528461728730e-25
2.034000000000000000e+03 1.012376570922356090e-25
2.035000000000000000e+03 1.069313137574833988e-25
2.036000000000000000e+03 1.034537582868890956e-25
2.037000000000000000e+03 1.031252070164951783e-25
2.038000000000000000e+03 1.118177547216383692e-25
2.039000000000000000e+03 1.064384695559950626e-25
2.040000000000000000e+03 9.606318135599712998e-26
2.041000000000000000e+03 1.080599938413046964e-25
2.042000000000000000e+03 1.191807670137326915e-25
2.043000000000000000e+03 1.072728143211974989e-25
2.044000000000000000e+03 1.017566915102973940e-25
2.045000000000000000e+03 1.001671219224466764e-25
2.046000000000000000e+03 9.067771868100564090e-26
2.047000000000000000e+03 8.692211807010945503e-26
2.048000000000000000e+03 9.047936422962205926e-26
