# freq_Hz  ASD_strain_per_sqrtHz  (H1, Welch, GW150914 open data)
0.000000000000000000e+00 7.392553828934118378e-21
1.000000000000000000e+00 3.603643362906891021e-21
2.000000000000000000e+00 1.252240255612880766e-21
3.000000000000000000e+00 4.267331776808952593e-21
4.000000000000000000e+00 1.092962394798642853e-20
5.000000000000000000e+00 5.320132186222331107e-20
6.000000000000000000e+00 9.596824696349280220e-20
7.000000000000000000e+00 8.921481024632022390e-20
8.000000000000000000e+00 5.436215562210748741e-20
9.000000000000000000e+00 2.819798624181455418e-20
1.000000000000000000e+01 1.618268150893512623e-20
1.100000000000000000e+01 1.004805443833305405e-20
1.200000000000000000e+01 5.152002871147079000e-21
1.300000000000000000e+01 3.661605113152426515e-21
1.400000000000000000e+01 4.591601778826902364e-21
1.500000000000000000e+01 2.638966608911006438e-21
1.600000000000000000e+01 9.385199534612170063e-22
1.700000000000000000e+01 4.866572863160415503e-22
1.800000000000000000e+01 3.192116090529453743e-22
1.900000000000000000e+01 1.827967707633432842e-22
2.000000000000000000e+01 1.346385649993981493e-22
2.100000000000000000e+01 9.930574163978778401e-23
2.200000000000000000e+01 7.878020401868179076e-23
2.300000000000000000e+01 7.238929630200510799e-23
2.400000000000000000e+01 8.365523294116151266e-23
2.500000000000000000e+01 8.859466628657561456e-23
2.600000000000000000e+01 7.693649125389165174e-23
2.700000000000000000e+01 6.264096652979502480e-23
2.800000000000000000e+01 5.660762260230609488e-23
2.900000000000000000e+01 3.535529983755154239e-23
3.000000000000000000e+01 2.524539092986157992e-23
3.100000000000000000e+01 2.375899914235472559e-23
3.200000000000000000e+01 2.111505235683982263e-23
3.300000000000000000e+01 1.871071246539598297e-23
3.400000000000000000e+01 2.187666569543027131e-23
3.500000000000000000e+01 3.159876907946312257e-22
3.600000000000000000e+01 6.782418484305304091e-22
3.700000000000000000e+01 5.882155482186061350e-22
3.800000000000000000e+01 1.644415628912824702e-22
3.900000000000000000e+01 2.145140461770039942e-23
4.000000000000000000e+01 3.168306189179473868e-23
4.100000000000000000e+01 5.379149370184403985e-23
4.200000000000000000e+01 2.707653261022010074e-23
4.300000000000000000e+01 1.203565729527555143e-23
4.400000000000000000e+01 1.259634231976199983e-23
4.500000000000000000e+01 1.338628898507319533e-23
4.600000000000000000e+01 1.197539011680639404e-23
4.700000000000000000e+01 1.052493832655122355e-23
4.800000000000000000e+01 1.067702506661074950e-23
4.900000000000000000e+01 1.084330900332047964e-23
5.000000000000000000e+01 1.106903048901389756e-23
5.100000000000000000e+01 1.052567478805021661e-23
5.200000000000000000e+01 1.005720773946267188e-23
5.300000000000000000e+01 9.901176627249909008e-24
5.400000000000000000e+01 1.008478759456350350e-23
5.500000000000000000e+01 1.062725054828928223e-23
5.600000000000000000e+01 1.058461396429456582e-23
5.700000000000000000e+01 1.054501867735454649e-23
5.800000000000000000e+01 1.053467892894446953e-23
5.900000000000000000e+01 1.232453655550863615e-22
6.000000000000000000e+01 2.451596187483797777e-22
6.100000000000000000e+01 1.221076571832665164e-22
6.200000000000000000e+01 8.804379935746127880e-24
6.300000000000000000e+01 9.294808826378988858e-24
6.400000000000000000e+01 8.656139162963459293e-24
6.500000000000000000e+01 8.305912592169278380e-24
6.600000000000000000e+01 8.109556744467886333e-24
6.700000000000000000e+01 7.077786985170304797e-24
6.800000000000000000e+01 7.972402608087641227e-24
6.900000000000000000e+01 9.615998073672302811e-24
7.000000000000000000e+01 1.006123729894474779e-23
7.100000000000000000e+01 9.453492028776732370e-24
7.200000000000000000e+01 9.396548774791883601e-24
7.300000000000000000e+01 9.473937697720678755e-24
7.400000000000000000e+01 9.559246598133783771e-24
7.500000000000000000e+01 1.038570997747643706e-23
7.600000000000000000e+01 1.022206799087784029e-23
7.700000000000000000e+01 1.105052908394076531e-23
7.800000000000000000e+01 1.507254201162453513e-23
7.900000000000000000e+01 1.512712023972810313e-23
8.000000000000000000e+01 1.006657400691963362e-23
8.100000000000000000e+01 8.526843923732827104e-24
8.200000000000000000e+01 7.770955098008562549e-24
8.300000000000000000e+01 6.829840122553924913e-24
8.400000000000000000e+01 6.272831857602398114e-24
8.500000000000000000e+01 6.427958002973882383e-24
8.600000000000000000e+01 6.251993473938335778e-24
8.700000000000000000e+01 6.459613779910852656e-24
8.800000000000000000e+01 6.429087369003953637e-24
8.900000000000000000e+01 6.883036509708633955e-24
9.000000000000000000e+01 6.880200207019206787e-24
9.100000000000000000e+01 6.525808493325887488e-24
9.200000000000000000e+01 6.694016735763130943e-24
9.300000000000000000e+01 6.964407545945325935e-24
9.400000000000000000e+01 6.486740075151818365e-24
9.500000000000000000e+01 6.248612530602148150e-24
9.600000000000000000e+01 5.373053056840339689e-24
9.700000000000000000e+01 5.018246457499812283e-24
9.800000000000000000e+01 5.687542282603298489e-24
9.900000000000000000e+01 5.610987077136433019e-24
1.000000000000000000e+02 6.366989730069245672e-24
1.010000000000000000e+02 6.215001780083838697e-24
1.020000000000000000e+02 6.267428253549857045e-24
1.030000000000000000e+02 6.437830063272509318e-24
1.040000000000000000e+02 5.848575243603092268e-24
1.050000000000000000e+02 5.931653629192884097e-24
1.060000000000000000e+02 6.105870448547973835e-24
1.070000000000000000e+02 6.482560685918122988e-24
1.080000000000000000e+02 6.391961051622458187e-24
1.090000000000000000e+02 6.527547000146663185e-24
1.100000000000000000e+02 5.717754744793882387e-24
1.110000000000000000e+02 5.576097186631413997e-24
1.120000000000000000e+02 5.258922873997287591e-24
1.130000000000000000e+02 5.082402392684041258e-24
1.140000000000000000e+02 5.474543202432518484e-24
1.150000000000000000e+02 5.617404687287392255e-24
1.160000000000000000e+02 6.483677384302475469e-24
1.170000000000000000e+02 6.428179065313303360e-24
1.180000000000000000e+02 6.497149205550315363e-24
1.190000000000000000e+02 1.251861518737482202e-23
1.200000000000000000e+02 2.211298989921580027e-23
1.210000000000000000e+02 1.276327092000096147e-23
1.220000000000000000e+02 5.743140750274412639e-24
1.230000000000000000e+02 5.626751344003164604e-24
1.240000000000000000e+02 5.191719448647459058e-24
1.250000000000000000e+02 5.276927527145558790e-24
1.260000000000000000e+02 5.718413818495647566e-24
1.270000000000000000e+02 6.139217491910092033e-24
1.280000000000000000e+02 6.634046746324167979e-24
1.290000000000000000e+02 5.645580087499712368e-24
1.300000000000000000e+02 5.488502758771450568e-24
1.310000000000000000e+02 5.247671303763355762e-24
1.320000000000000000e+02 5.025666626273615951e-24
1.330000000000000000e+02 5.268052130170463831e-24
1.340000000000000000e+02 5.523426987507465747e-24
1.350000000000000000e+02 5.614070952803157813e-24
1.360000000000000000e+02 5.877659910623884381e-24
1.370000000000000000e+02 5.982587881313556545e-24
1.380000000000000000e+02 5.876587450173863353e-24
1.390000000000000000e+02 5.241998679846361155e-24
1.400000000000000000e+02 5.561608937462688445e-24
1.410000000000000000e+02 6.471815832835575503e-24
1.420000000000000000e+02 6.142347805553800428e-24
1.430000000000000000e+02 5.330037186997153984e-24
1.440000000000000000e+02 5.883496685476844112e-24
1.450000000000000000e+02 5.765202820211231496e-24
1.460000000000000000e+02 5.893975941817302700e-24
1.470000000000000000e+02 5.982800283228967998e-24
1.480000000000000000e+02 6.013974889210878051e-24
1.490000000000000000e+02 5.821014388870291777e-24
1.500000000000000000e+02 5.699313812216108768e-24
1.510000000000000000e+02 5.489360243802874615e-24
1.520000000000000000e+02 5.771503527794520387e-24
1.530000000000000000e+02 5.625883706013368040e-24
1.540000000000000000e+02 5.169043128647006832e-24
1.550000000000000000e+02 4.840273628396076927e-24
1.560000000000000000e+02 5.203909366563872881e-24
1.570000000000000000e+02 5.599015010278025895e-24
1.580000000000000000e+02 5.351548494366700161e-24
1.590000000000000000e+02 5.130080174601771302e-24
1.600000000000000000e+02 5.550189209747456550e-24
1.610000000000000000e+02 5.565973172034818928e-24
1.620000000000000000e+02 5.170272915772912268e-24
1.630000000000000000e+02 5.297704811690168132e-24
1.640000000000000000e+02 5.233648386478491209e-24
1.650000000000000000e+02 5.002596681809652747e-24
1.660000000000000000e+02 4.905471191915344940e-24
1.670000000000000000e+02 5.150194375109091476e-24
1.680000000000000000e+02 5.278247155080803321e-24
1.690000000000000000e+02 4.839875659393387716e-24
1.700000000000000000e+02 5.236190044291871082e-24
1.710000000000000000e+02 5.632270600839207510e-24
1.720000000000000000e+02 5.585431620987653340e-24
1.730000000000000000e+02 5.570324378759759992e-24
1.740000000000000000e+02 5.264260652784867298e-24
1.750000000000000000e+02 5.439865694477994037e-24
1.760000000000000000e+02 5.914798081435223250e-24
1.770000000000000000e+02 5.072411483034400504e-24
1.780000000000000000e+02 5.921732373131335396e-24
1.790000000000000000e+02 1.226330506298332744e-23
1.800000000000000000e+02 2.147713151724231135e-23
1.810000000000000000e+02 1.164748013115020790e-23
1.820000000000000000e+02 6.067048222374684212e-24
1.830000000000000000e+02 5.901682223763172732e-24
1.840000000000000000e+02 5.102652769525708537e-24
1.850000000000000000e+02 5.367510607365908225e-24
1.860000000000000000e+02 5.783621132040146157e-24
1.870000000000000000e+02 5.514994132660995067e-24
1.880000000000000000e+02 5.899342356964009455e-24
1.890000000000000000e+02 5.870294526189493989e-24
1.900000000000000000e+02 5.846703890368074503e-24
1.910000000000000000e+02 5.743286675412352675e-24
1.920000000000000000e+02 5.675768615931087866e-24
1.930000000000000000e+02 5.272654284100386986e-24
1.940000000000000000e+02 5.188295035905659571e-24
1.950000000000000000e+02 5.358281819756946865e-24
1.960000000000000000e+02 4.886779383634481821e-24
1.970000000000000000e+02 4.998708585720933290e-24
1.980000000000000000e+02 5.850150486480588447e-24
1.990000000000000000e+02 5.892587747576470195e-24
2.000000000000000000e+02 5.702808195860771794e-24
2.010000000000000000e+02 5.996124476566631983e-24
2.020000000000000000e+02 5.897100043332697990e-24
2.030000000000000000e+02 5.342108500265733153e-24
2.040000000000000000e+02 5.153880370130953483e-24
2.050000000000000000e+02 5.426376168061841969e-24
2.060000000000000000e+02 5.473704934734276939e-24
2.070000000000000000e+02 4.860524874524162649e-24
2.080000000000000000e+02 5.349995979296778850e-24
2.090000000000000000e+02 5.941164076716845603e-24
2.100000000000000000e+02 5.413671489531381408e-24
2.110000000000000000e+02 5.445033665007622120e-24
2.120000000000000000e+02 5.374428665324218337e-24
2.130000000000000000e+02 5.705452176377038266e-24
2.140000000000000000e+02 5.161115536023825838e-24
2.150000000000000000e+02 5.479187315703468314e-24
2.160000000000000000e+02 4.931878427741342932e-24
2.170000000000000000e+02 5.133811399479032563e-24
2.180000000000000000e+02 5.164751089691125274e-24
2.190000000000000000e+02 5.241252544160638155e-24
2.200000000000000000e+02 5.423287853540120317e-24
2.210000000000000000e+02 5.251467356518666094e-24
2.220000000000000000e+02 5.937787721441593595e-24
2.230000000000000000e+02 5.824371210301468507e-24
2.240000000000000000e+02 5.361281741502221807e-24
2.250000000000000000e+02 5.906638100456993806e-24
2.260000000000000000e+02 5.391170146392662466e-24
2.270000000000000000e+02 5.656225514691253103e-24
2.280000000000000000e+02 5.672815587387937638e-24
2.290000000000000000e+02 5.592186573787536611e-24
2.300000000000000000e+02 5.643045946358091435e-24
2.310000000000000000e+02 5.487978483827185090e-24
2.320000000000000000e+02 5.021926142916007891e-24
2.330000000000000000e+02 5.437060026558870504e-24
2.340000000000000000e+02 5.611727901668451955e-24
2.350000000000000000e+02 5.806728893932696514e-24
2.360000000000000000e+02 5.755905649651526007e-24
2.370000000000000000e+02 5.858853125187269637e-24
2.380000000000000000e+02 6.201189258490909554e-24
2.390000000000000000e+02 5.966259507598325376e-24
2.400000000000000000e+02 5.434286798882497089e-24
2.410000000000000000e+02 5.056352512837633309e-24
2.420000000000000000e+02 5.509118672511511263e-24
2.430000000000000000e+02 6.378961987484776242e-24
2.440000000000000000e+02 6.658347742225956137e-24
2.450000000000000000e+02 6.103447422594043586e-24
2.460000000000000000e+02 5.768323581512229888e-24
2.470000000000000000e+02 5.460129178972257627e-24
2.480000000000000000e+02 5.394351041089146949e-24
2.490000000000000000e+02 5.935678000854948276e-24
2.500000000000000000e+02 6.088801475670924936e-24
2.510000000000000000e+02 6.128038733666907602e-24
2.520000000000000000e+02 5.492330145101474096e-24
2.530000000000000000e+02 5.262537037655002160e-24
2.540000000000000000e+02 5.241148307312151994e-24
2.550000000000000000e+02 5.535848261146214254e-24
2.560000000000000000e+02 6.637401287438206119e-24
2.570000000000000000e+02 6.477486570368489123e-24
2.580000000000000000e+02 6.018625894070176169e-24
2.590000000000000000e+02 6.215131333288554100e-24
2.600000000000000000e+02 6.092705861270173271e-24
2.610000000000000000e+02 5.985522160050693514e-24
2.620000000000000000e+02 5.879775190480540859e-24
2.630000000000000000e+02 5.979788812346622538e-24
2.640000000000000000e+02 6.039149377883962407e-24
2.650000000000000000e+02 5.448045811727824184e-24
2.660000000000000000e+02 5.464962402553889384e-24
2.670000000000000000e+02 5.726082847818330852e-24
2.680000000000000000e+02 5.269234134876362098e-24
2.690000000000000000e+02 5.461781204610965970e-24
2.700000000000000000e+02 5.595648043718044850e-24
2.710000000000000000e+02 5.555414134870257111e-24
2.720000000000000000e+02 6.410747207956578528e-24
2.730000000000000000e+02 6.020096741270461859e-24
2.740000000000000000e+02 5.467778604986427281e-24
2.750000000000000000e+02 5.788025899918499806e-24
2.760000000000000000e+02 5.708345417946451542e-24
2.770000000000000000e+02 5.154951760697492759e-24
2.780000000000000000e+02 4.796240756673096034e-24
2.790000000000000000e+02 5.655241098840727768e-24
2.800000000000000000e+02 6.328632410748943252e-24
2.810000000000000000e+02 6.865741409592572469e-24
2.820000000000000000e+02 6.694804807161656586e-24
2.830000000000000000e+02 6.713901054986504292e-24
2.840000000000000000e+02 5.849580652891768366e-24
2.850000000000000000e+02 5.991655005919261903e-24
2.860000000000000000e+02 6.140942400088391421e-24
2.870000000000000000e+02 6.640000140133298807e-24
2.880000000000000000e+02 6.267293176737059163e-24
2.890000000000000000e+02 5.730158728986648179e-24
2.900000000000000000e+02 6.559870583567342024e-24
2.910000000000000000e+02 6.746883806597139959e-24
2.920000000000000000e+02 5.988987201308809752e-24
2.930000000000000000e+02 5.890762612794578020e-24
2.940000000000000000e+02 6.181197125805955859e-24
2.950000000000000000e+02 6.272513589793127048e-24
2.960000000000000000e+02 6.015920325947118220e-24
2.970000000000000000e+02 6.204019899057352848e-24
2.980000000000000000e+02 6.572410221641223334e-24
2.990000000000000000e+02 1.278883982263617652e-23
3.000000000000000000e+02 1.580499967090762760e-23
3.010000000000000000e+02 7.965941329641600446e-24
3.020000000000000000e+02 7.735531356205778641e-24
3.030000000000000000e+02 1.483509449748265200e-23
3.040000000000000000e+02 1.227006724866186901e-23
3.050000000000000000e+02 6.478172047227088573e-24
3.060000000000000000e+02 7.413035883989927716e-24
3.070000000000000000e+02 8.214821085623930897e-24
3.080000000000000000e+02 7.051656120794007431e-24
3.090000000000000000e+02 7.573337928427458697e-24
3.100000000000000000e+02 1.006546524789217670e-23
3.110000000000000000e+02 1.232423558293663804e-23
3.120000000000000000e+02 1.345862268279444932e-23
3.130000000000000000e+02 1.471179782524921822e-23
3.140000000000000000e+02 1.617362556161778047e-23
3.150000000000000000e+02 1.618741226336761283e-23
3.160000000000000000e+02 1.615100231433002833e-23
3.170000000000000000e+02 1.406282667332358037e-23
3.180000000000000000e+02 1.082076899444051893e-23
3.190000000000000000e+02 1.005572643883106697e-23
3.200000000000000000e+02 1.060289041370500343e-23
3.210000000000000000e+02 1.070668688028098475e-23
3.220000000000000000e+02 1.124216163854479440e-23
3.230000000000000000e+02 1.156841262089435118e-23
3.240000000000000000e+02 1.086108848665211866e-23
3.250000000000000000e+02 9.384268278865436096e-24
3.260000000000000000e+02 9.262726227602241194e-24
3.270000000000000000e+02 7.955192542819811307e-24
3.280000000000000000e+02 7.453765558771069551e-24
3.290000000000000000e+02 7.875875414459043397e-24
3.300000000000000000e+02 7.466615872141572424e-24
3.310000000000000000e+02 9.346943401009704706e-23
3.320000000000000000e+02 1.615656552712648227e-22
3.330000000000000000e+02 6.936030266021448036e-23
3.340000000000000000e+02 8.031618252270522674e-24
3.350000000000000000e+02 7.625547210170746166e-24
3.360000000000000000e+02 7.902369460632580976e-24
3.370000000000000000e+02 8.105201615514649026e-24
3.380000000000000000e+02 7.780381031028311788e-24
3.390000000000000000e+02 8.402553408672210992e-24
3.400000000000000000e+02 9.682754391507640007e-24
3.410000000000000000e+02 1.001836388682454781e-23
3.420000000000000000e+02 9.455773966749581882e-24
3.430000000000000000e+02 9.939926424701124335e-24
3.440000000000000000e+02 9.958067209981151020e-24
3.450000000000000000e+02 9.890322814606454817e-24
3.460000000000000000e+02 1.121127722773857925e-23
3.470000000000000000e+02 1.002173342350895056e-23
3.480000000000000000e+02 1.031264719932075479e-23
3.490000000000000000e+02 1.118018278809036094e-23
3.500000000000000000e+02 1.262915745557206346e-23
3.510000000000000000e+02 1.015795728880168131e-23
3.520000000000000000e+02 1.005632345672499211e-23
3.530000000000000000e+02 1.081846985543612182e-23
3.540000000000000000e+02 9.528283207328166408e-24
3.550000000000000000e+02 9.329699603085540974e-24
3.560000000000000000e+02 9.244342920278845820e-24
3.570000000000000000e+02 8.672797860834486687e-24
3.580000000000000000e+02 8.804578114049053780e-24
3.590000000000000000e+02 7.918464950318956744e-24
3.600000000000000000e+02 6.646136518476398941e-24
3.610000000000000000e+02 6.388931935717471442e-24
3.620000000000000000e+02 7.636383047402737378e-24
3.630000000000000000e+02 7.445945004944306600e-24
3.640000000000000000e+02 7.496714944015607199e-24
3.650000000000000000e+02 7.516897985469116314e-24
3.660000000000000000e+02 7.364422134525523415e-24
3.670000000000000000e+02 6.816204389752157191e-24
3.680000000000000000e+02 6.793562396750233260e-24
3.690000000000000000e+02 6.688868628358791014e-24
3.700000000000000000e+02 6.451677787276559967e-24
3.710000000000000000e+02 6.300843381088548615e-24
3.720000000000000000e+02 5.770146437068417487e-24
3.730000000000000000e+02 6.514007442756369558e-24
3.740000000000000000e+02 6.832220337619391950e-24
3.750000000000000000e+02 6.421514349311936405e-24
3.760000000000000000e+02 6.026646933142318734e-24
3.770000000000000000e+02 6.083324801641395383e-24
3.780000000000000000e+02 6.719011097116321756e-24
3.790000000000000000e+02 7.642499574098104117e-24
3.800000000000000000e+02 7.125517778077765881e-24
3.810000000000000000e+02 6.231091437529078353e-24
3.820000000000000000e+02 6.524218458055380918e-24
3.830000000000000000e+02 6.857046673974560210e-24
3.840000000000000000e+02 7.258589903462630113e-24
3.850000000000000000e+02 6.689790722564593344e-24
3.860000000000000000e+02 6.627304125871066212e-24
3.870000000000000000e+02 6.995249252600960232e-24
3.880000000000000000e+02 6.839584167551943805e-24
3.890000000000000000e+02 6.536447569668912167e-24
3.900000000000000000e+02 5.924511125646394286e-24
3.910000000000000000e+02 6.174212186274791466e-24
3.920000000000000000e+02 6.397245089982819405e-24
3.930000000000000000e+02 6.458163971181109913e-24
3.940000000000000000e+02 6.833700895345722963e-24
3.950000000000000000e+02 6.445830703099554170e-24
3.960000000000000000e+02 6.476061844530077135e-24
3.970000000000000000e+02 6.585553402898866549e-24
3.980000000000000000e+02 7.388875252389639193e-24
3.990000000000000000e+02 6.634391198946002577e-24
4.000000000000000000e+02 6.158710382500803681e-24
4.010000000000000000e+02 6.287459147599097255e-24
4.020000000000000000e+02 6.281448335270702425e-24
4.030000000000000000e+02 5.768590661922423801e-24
4.040000000000000000e+02 6.261267950733042876e-24
4.050000000000000000e+02 6.618827818597362694e-24
4.060000000000000000e+02 6.850742754034080610e-24
4.070000000000000000e+02 6.638860147267166459e-24
4.080000000000000000e+02 6.395230579636926959e-24
4.090000000000000000e+02 6.887841488272885828e-24
4.100000000000000000e+02 7.143178160098432726e-24
4.110000000000000000e+02 7.253213075459714228e-24
4.120000000000000000e+02 7.509151985831327528e-24
4.130000000000000000e+02 7.645873197094226699e-24
4.140000000000000000e+02 6.992374591094896137e-24
4.150000000000000000e+02 6.791530764991037157e-24
4.160000000000000000e+02 6.524422770223574762e-24
4.170000000000000000e+02 5.997173860779918932e-24
4.180000000000000000e+02 6.732580478744441253e-24
4.190000000000000000e+02 7.049720768748592713e-24
4.200000000000000000e+02 6.689226727386047727e-24
4.210000000000000000e+02 7.198161712924947784e-24
4.220000000000000000e+02 6.592596789917909064e-24
4.230000000000000000e+02 6.318139673058711063e-24
4.240000000000000000e+02 6.357242305425625668e-24
4.250000000000000000e+02 6.377603135684436165e-24
4.260000000000000000e+02 6.237193311248194465e-24
4.270000000000000000e+02 6.571109114693735316e-24
4.280000000000000000e+02 6.910525629625534709e-24
4.290000000000000000e+02 7.309875922250680484e-24
4.300000000000000000e+02 6.778130246268130585e-24
4.310000000000000000e+02 7.467221130772327019e-24
4.320000000000000000e+02 7.760446423731501546e-24
4.330000000000000000e+02 7.029023564292334911e-24
4.340000000000000000e+02 7.438641484624980364e-24
4.350000000000000000e+02 7.603614783892891130e-24
4.360000000000000000e+02 6.912922156536134144e-24
4.370000000000000000e+02 7.077941661417097299e-24
4.380000000000000000e+02 7.289101842074705833e-24
4.390000000000000000e+02 6.710382220623938851e-24
4.400000000000000000e+02 6.825154905999601014e-24
4.410000000000000000e+02 8.087826301604486237e-24
4.420000000000000000e+02 7.084973279668772475e-24
4.430000000000000000e+02 7.159079605572889805e-24
4.440000000000000000e+02 7.334661668342225977e-24
4.450000000000000000e+02 7.012866256383162757e-24
4.460000000000000000e+02 7.791639035962783092e-24
4.470000000000000000e+02 7.383863623279721995e-24
4.480000000000000000e+02 7.490639735976260525e-24
4.490000000000000000e+02 7.055837335215191568e-24
4.500000000000000000e+02 7.414080484908749607e-24
4.510000000000000000e+02 7.636161218273877351e-24
4.520000000000000000e+02 7.614408707657825397e-24
4.530000000000000000e+02 7.704488507614388669e-24
4.540000000000000000e+02 7.714027646317000841e-24
4.550000000000000000e+02 8.796346697775762756e-24
4.560000000000000000e+02 8.399614532818973342e-24
4.570000000000000000e+02 7.501124458025858934e-24
4.580000000000000000e+02 7.332305620002874991e-24
4.590000000000000000e+02 6.783058965789529330e-24
4.600000000000000000e+02 7.802695039043893682e-24
4.610000000000000000e+02 7.773272624896275856e-24
4.620000000000000000e+02 7.170589961055908490e-24
4.630000000000000000e+02 6.685974187152344842e-24
4.640000000000000000e+02 7.919774139577748125e-24
4.650000000000000000e+02 7.982947392051388860e-24
4.660000000000000000e+02 7.102589879285088461e-24
4.670000000000000000e+02 6.370633686173900653e-24
4.680000000000000000e+02 7.411145810105843878e-24
4.690000000000000000e+02 8.266061455821312128e-24
4.700000000000000000e+02 7.719107236602403729e-24
4.710000000000000000e+02 7.105267714446054100e-24
4.720000000000000000e+02 7.319018042593647858e-24
4.730000000000000000e+02 7.401949279918894485e-24
4.740000000000000000e+02 7.455812728919612254e-24
4.750000000000000000e+02 7.292324756239755145e-24
4.760000000000000000e+02 7.319383773753233378e-24
4.770000000000000000e+02 7.179720440014017035e-24
4.780000000000000000e+02 6.996746642179059899e-24
4.790000000000000000e+02 7.313441767940914034e-24
4.800000000000000000e+02 7.458200588869783542e-24
4.810000000000000000e+02 7.089160661805912602e-24
4.820000000000000000e+02 7.616420503507329570e-24
4.830000000000000000e+02 8.046618293931316183e-24
4.840000000000000000e+02 8.149773155589732888e-24
4.850000000000000000e+02 8.390463501571171440e-24
4.860000000000000000e+02 7.793175094368799302e-24
4.870000000000000000e+02 7.491301966020888012e-24
4.880000000000000000e+02 7.227563380149157909e-24
4.890000000000000000e+02 7.086985423357938664e-24
4.900000000000000000e+02 7.287645661383829400e-24
4.910000000000000000e+02 6.925275920028474338e-24
4.920000000000000000e+02 7.268618252200244415e-24
4.930000000000000000e+02 7.474912343545518053e-24
4.940000000000000000e+02 7.676070714439211437e-24
4.950000000000000000e+02 7.467674021071940476e-24
4.960000000000000000e+02 7.528248134010375756e-24
4.970000000000000000e+02 7.016967456222106357e-24
4.980000000000000000e+02 7.947053069909347453e-24
4.990000000000000000e+02 1.005327300526883079e-23
5.000000000000000000e+02 2.480612262017371641e-23
5.010000000000000000e+02 2.261748254707621486e-22
5.020000000000000000e+02 3.269631992744717828e-22
5.030000000000000000e+02 1.183838507017936464e-22
5.040000000000000000e+02 3.469715735701879191e-23
5.050000000000000000e+02 4.994104142157642118e-23
5.060000000000000000e+02 2.112985090519299955e-23
5.070000000000000000e+02 2.412226226202057105e-23
5.080000000000000000e+02 3.680891455895909336e-23
5.090000000000000000e+02 3.521054427333944028e-23
5.100000000000000000e+02 1.210741894254023202e-23
5.110000000000000000e+02 7.720905212977887360e-24
5.120000000000000000e+02 7.754670349032720091e-24
5.130000000000000000e+02 7.869855054598573522e-24
5.140000000000000000e+02 7.858309864924128004e-24
5.150000000000000000e+02 7.029996690260247426e-24
5.160000000000000000e+02 6.754056349858229865e-24
5.170000000000000000e+02 7.496037706199687564e-24
5.180000000000000000e+02 8.394981563027784339e-24
5.190000000000000000e+02 8.569954710984976743e-24
5.200000000000000000e+02 7.331024115052247274e-24
5.210000000000000000e+02 7.907054572180056229e-24
5.220000000000000000e+02 8.221558012580216974e-24
5.230000000000000000e+02 7.757698146455352579e-24
5.240000000000000000e+02 7.226307835730433252e-24
5.250000000000000000e+02 7.491418167773774276e-24
5.260000000000000000e+02 7.726313913383445313e-24
5.270000000000000000e+02 7.377331163158144593e-24
5.280000000000000000e+02 7.801420433321100610e-24
5.290000000000000000e+02 7.684172863232703191e-24
5.300000000000000000e+02 7.025147785029297384e-24
5.310000000000000000e+02 7.255390001174950043e-24
5.320000000000000000e+02 7.293710420757410133e-24
5.330000000000000000e+02 6.763526414529135125e-24
5.340000000000000000e+02 7.265063271714658272e-24
5.350000000000000000e+02 7.868889871011632595e-24
5.360000000000000000e+02 7.912067845191788151e-24
5.370000000000000000e+02 7.694229286981316284e-24
5.380000000000000000e+02 8.283029472427778008e-24
5.390000000000000000e+02 7.690195872005503306e-24
5.400000000000000000e+02 7.646294036507449284e-24
5.410000000000000000e+02 7.050527023548543142e-24
5.420000000000000000e+02 8.302660531030738360e-24
5.430000000000000000e+02 8.596521493725346921e-24
5.440000000000000000e+02 9.156007055952016128e-24
5.450000000000000000e+02 9.212280082381008353e-24
5.460000000000000000e+02 8.715906532447070532e-24
5.470000000000000000e+02 8.388483699224639549e-24
5.480000000000000000e+02 8.813944943632974171e-24
5.490000000000000000e+02 8.467702716467330462e-24
5.500000000000000000e+02 7.801877964928999568e-24
5.510000000000000000e+02 7.785279879824406798e-24
5.520000000000000000e+02 8.230966465707486559e-24
5.530000000000000000e+02 8.829178129489011663e-24
5.540000000000000000e+02 8.139814878571064105e-24
5.550000000000000000e+02 9.131276520037909435e-24
5.560000000000000000e+02 8.889305583320707764e-24
5.570000000000000000e+02 8.097309227078870970e-24
5.580000000000000000e+02 8.233284601338464685e-24
5.590000000000000000e+02 8.825969300661634619e-24
5.600000000000000000e+02 9.696908642964414894e-24
5.610000000000000000e+02 1.048809686574631431e-23
5.620000000000000000e+02 8.482223933811717777e-24
5.630000000000000000e+02 7.839809928946240165e-24
5.640000000000000000e+02 7.990570576624410537e-24
5.650000000000000000e+02 8.184788320533290933e-24
5.660000000000000000e+02 8.935256728315960980e-24
5.670000000000000000e+02 8.093831200833809973e-24
5.680000000000000000e+02 7.626456584791899828e-24
5.690000000000000000e+02 8.693368075028414674e-24
5.700000000000000000e+02 8.446331842209906438e-24
5.710000000000000000e+02 8.321647473190744955e-24
5.720000000000000000e+02 8.931426480215694811e-24
5.730000000000000000e+02 8.855512940532942631e-24
5.740000000000000000e+02 8.336407408475197832e-24
5.750000000000000000e+02 8.470418698927221573e-24
5.760000000000000000e+02 8.620453720822261463e-24
5.770000000000000000e+02 9.404016613613658104e-24
5.780000000000000000e+02 8.380359474907762696e-24
5.790000000000000000e+02 8.305124962489929549e-24
5.800000000000000000e+02 8.556293874148038769e-24
5.810000000000000000e+02 9.728699290063076981e-24
5.820000000000000000e+02 8.577967651870535516e-24
5.830000000000000000e+02 7.942633325984550045e-24
5.840000000000000000e+02 8.208142555644349219e-24
5.850000000000000000e+02 8.441084008821338873e-24
5.860000000000000000e+02 8.791079426424109267e-24
5.870000000000000000e+02 8.238154408879009431e-24
5.880000000000000000e+02 8.738357850866739147e-24
5.890000000000000000e+02 7.911418190304031764e-24
5.900000000000000000e+02 7.942032043747756864e-24
5.910000000000000000e+02 8.448957717698776849e-24
5.920000000000000000e+02 9.389149237956266378e-24
5.930000000000000000e+02 8.210134866015020043e-24
5.940000000000000000e+02 7.506800738004060906e-24
5.950000000000000000e+02 8.706821933746635248e-24
5.960000000000000000e+02 8.969911890280804696e-24
5.970000000000000000e+02 8.711219579615914700e-24
5.980000000000000000e+02 9.195756031209773504e-24
5.990000000000000000e+02 1.165067628579433523e-23
6.000000000000000000e+02 1.028032813149790550e-23
6.010000000000000000e+02 8.754105376743788261e-24
6.020000000000000000e+02 8.816218140187073674e-24
6.030000000000000000e+02 7.928753713545593303e-24
6.040000000000000000e+02 1.113243553513979012e-23
6.050000000000000000e+02 1.127909798892457251e-23
6.060000000000000000e+02 9.038912076926863734e-24
6.070000000000000000e+02 9.571054391739322086e-24
6.080000000000000000e+02 9.769128944034171318e-24
6.090000000000000000e+02 9.511945127393787340e-24
6.100000000000000000e+02 8.855370054553929217e-24
6.110000000000000000e+02 8.243011203374617209e-24
6.120000000000000000e+02 8.549705485968846434e-24
6.130000000000000000e+02 8.536864504424846160e-24
6.140000000000000000e+02 8.381569375880098875e-24
6.150000000000000000e+02 9.372774719475737545e-24
6.160000000000000000e+02 9.921326639541768641e-24
6.170000000000000000e+02 1.015486071759805113e-23
6.180000000000000000e+02 1.042319037486705547e-23
6.190000000000000000e+02 1.102074710471578799e-23
6.200000000000000000e+02 9.375451577459676620e-24
6.210000000000000000e+02 9.732974908341700677e-24
6.220000000000000000e+02 8.762028435283481589e-24
6.230000000000000000e+02 8.725273209125169000e-24
6.240000000000000000e+02 8.809234768411074137e-24
6.250000000000000000e+02 9.666242348125182086e-24
6.260000000000000000e+02 9.002520835055837994e-24
6.270000000000000000e+02 8.812366389320811405e-24
6.280000000000000000e+02 7.503453821630819585e-24
6.290000000000000000e+02 8.200144505716637749e-24
6.300000000000000000e+02 9.387409622968306873e-24
6.310000000000000000e+02 9.110436998140615225e-24
6.320000000000000000e+02 8.600648653741560161e-24
6.330000000000000000e+02 8.668933031915599275e-24
6.340000000000000000e+02 8.554224306699093866e-24
6.350000000000000000e+02 8.931314753525809252e-24
6.360000000000000000e+02 9.638621453565311312e-24
6.370000000000000000e+02 9.697432368171238222e-24
6.380000000000000000e+02 8.943303297043335485e-24
6.390000000000000000e+02 8.222370149251059247e-24
6.400000000000000000e+02 8.813243517277454386e-24
6.410000000000000000e+02 9.062107606991631605e-24
6.420000000000000000e+02 8.010997637878292655e-24
6.430000000000000000e+02 8.726896215234747453e-24
6.440000000000000000e+02 8.872496328770092259e-24
6.450000000000000000e+02 9.465043275289822363e-24
6.460000000000000000e+02 8.663611752558017375e-24
6.470000000000000000e+02 8.271661387669103815e-24
6.480000000000000000e+02 8.483634257885790361e-24
6.490000000000000000e+02 9.511027240781501992e-24
6.500000000000000000e+02 9.618348204599222998e-24
6.510000000000000000e+02 8.895356090448702329e-24
6.520000000000000000e+02 8.628871217205750238e-24
6.530000000000000000e+02 8.509426057734959858e-24
6.540000000000000000e+02 8.773376403490726921e-24
6.550000000000000000e+02 8.473850021872993798e-24
6.560000000000000000e+02 9.051629378026187078e-24
6.570000000000000000e+02 9.278103854148248143e-24
6.580000000000000000e+02 9.304264205712050382e-24
6.590000000000000000e+02 9.516230507706844551e-24
6.600000000000000000e+02 9.128024078219796823e-24
6.610000000000000000e+02 9.487135433095607639e-24
6.620000000000000000e+02 9.617041361850875943e-24
6.630000000000000000e+02 9.600456409480326776e-24
6.640000000000000000e+02 9.096807165896545125e-24
6.650000000000000000e+02 9.320501531720517192e-24
6.660000000000000000e+02 9.574379106697815240e-24
6.670000000000000000e+02 9.677621009550953567e-24
6.680000000000000000e+02 9.221422990204209937e-24
6.690000000000000000e+02 1.005391992296569795e-23
6.700000000000000000e+02 1.042484282860559622e-23
6.710000000000000000e+02 8.938450270303187977e-24
6.720000000000000000e+02 9.396592430700026651e-24
6.730000000000000000e+02 9.397977342941593060e-24
6.740000000000000000e+02 8.786838586090330563e-24
6.750000000000000000e+02 8.896015536499906730e-24
6.760000000000000000e+02 8.768438531438078375e-24
6.770000000000000000e+02 8.688722292828929437e-24
6.780000000000000000e+02 8.771810960583477288e-24
6.790000000000000000e+02 9.042539605204029204e-24
6.800000000000000000e+02 8.468693192703430314e-24
6.810000000000000000e+02 8.747984363637559819e-24
6.820000000000000000e+02 9.543020958790844135e-24
6.830000000000000000e+02 9.511959362752073259e-24
6.840000000000000000e+02 9.256298123304238542e-24
6.850000000000000000e+02 9.996369937661916426e-24
6.860000000000000000e+02 1.062377588471090847e-23
6.870000000000000000e+02 9.645084447762884512e-24
6.880000000000000000e+02 9.993820408809119391e-24
6.890000000000000000e+02 9.885044665405447882e-24
6.900000000000000000e+02 9.784307774973260388e-24
6.910000000000000000e+02 9.593697234930536217e-24
6.920000000000000000e+02 9.164287028828102967e-24
6.930000000000000000e+02 9.741589076288951524e-24
6.940000000000000000e+02 9.867261753355337321e-24
6.950000000000000000e+02 9.010535790515982877e-24
6.960000000000000000e+02 9.040569244750502443e-24
6.970000000000000000e+02 9.261813488958602741e-24
6.980000000000000000e+02 9.180326299641346691e-24
6.990000000000000000e+02 8.530181795580698660e-24
7.000000000000000000e+02 8.045784445416698835e-24
7.010000000000000000e+02 8.754285394551092783e-24
7.020000000000000000e+02 9.290291177511912321e-24
7.030000000000000000e+02 9.338375288151489198e-24
7.040000000000000000e+02 9.619062944561893495e-24
7.050000000000000000e+02 9.916633716854725531e-24
7.060000000000000000e+02 9.431249729078229302e-24
7.070000000000000000e+02 1.019003015765519358e-23
7.080000000000000000e+02 9.537712995471330856e-24
7.090000000000000000e+02 9.389844879036891336e-24
7.100000000000000000e+02 1.020340177063515643e-23
7.110000000000000000e+02 1.058208947273009669e-23
7.120000000000000000e+02 9.708571939618849293e-24
7.130000000000000000e+02 8.795446596563325664e-24
7.140000000000000000e+02 1.056005174684340878e-23
7.150000000000000000e+02 9.565610838981543204e-24
7.160000000000000000e+02 8.898822218683529546e-24
7.170000000000000000e+02 9.774181263162830265e-24
7.180000000000000000e+02 9.670309128072523659e-24
7.190000000000000000e+02 9.852222100161923223e-24
7.200000000000000000e+02 1.045478924829397699e-23
7.210000000000000000e+02 1.012733968839039796e-23
7.220000000000000000e+02 9.259154393341581738e-24
7.230000000000000000e+02 9.508517951239048597e-24
7.240000000000000000e+02 9.879006095721835923e-24
7.250000000000000000e+02 1.071782684938370274e-23
7.260000000000000000e+02 1.001558706851914164e-23
7.270000000000000000e+02 9.967103351211786433e-24
7.280000000000000000e+02 9.533845107061860902e-24
7.290000000000000000e+02 9.649109762658794906e-24
7.300000000000000000e+02 1.006761749662755170e-23
7.310000000000000000e+02 1.002787951983492305e-23
7.320000000000000000e+02 9.993684350093885530e-24
7.330000000000000000e+02 9.715475623713187968e-24
7.340000000000000000e+02 9.117070710887959761e-24
7.350000000000000000e+02 1.013966725792687246e-23
7.360000000000000000e+02 9.756009166874155355e-24
7.370000000000000000e+02 1.033682371956685950e-23
7.380000000000000000e+02 9.813516910582681546e-24
7.390000000000000000e+02 1.014219481371937208e-23
7.400000000000000000e+02 1.039342722881405967e-23
7.410000000000000000e+02 8.890720956081875261e-24
7.420000000000000000e+02 8.990253887221455075e-24
7.430000000000000000e+02 1.016390059466007123e-23
7.440000000000000000e+02 9.833826331734329683e-24
7.450000000000000000e+02 1.074719691177359302e-23
7.460000000000000000e+02 1.064576362750595869e-23
7.470000000000000000e+02 1.136307683155512232e-23
7.480000000000000000e+02 1.049716664114958129e-23
7.490000000000000000e+02 1.114688500916889225e-23
7.500000000000000000e+02 1.108832482366727218e-23
7.510000000000000000e+02 1.131075805408432730e-23
7.520000000000000000e+02 1.059526042884278682e-23
7.530000000000000000e+02 1.005342345417907330e-23
7.540000000000000000e+02 9.257614463690373131e-24
7.550000000000000000e+02 9.100808361969584198e-24
7.560000000000000000e+02 9.772446847471331547e-24
7.570000000000000000e+02 1.047491190934825057e-23
7.580000000000000000e+02 1.004437406839771732e-23
7.590000000000000000e+02 9.969146392943136345e-24
7.600000000000000000e+02 1.030981497869836821e-23
7.610000000000000000e+02 9.795781925164475450e-24
7.620000000000000000e+02 9.398286697908447566e-24
7.630000000000000000e+02 1.064462769141581210e-23
7.640000000000000000e+02 1.014466932227367116e-23
7.650000000000000000e+02 1.017043964636079008e-23
7.660000000000000000e+02 1.121074296333877936e-23
7.670000000000000000e+02 1.068923382356329457e-23
7.680000000000000000e+02 1.087754389901219253e-23
7.690000000000000000e+02 1.067509302116388610e-23
7.700000000000000000e+02 1.044169132725531782e-23
7.710000000000000000e+02 1.036349666745634360e-23
7.720000000000000000e+02 1.033769597568031384e-23
7.730000000000000000e+02 9.571283488040487796e-24
7.740000000000000000e+02 8.814076505305426042e-24
7.750000000000000000e+02 9.364901914270919406e-24
7.760000000000000000e+02 9.708441189610112174e-24
7.770000000000000000e+02 1.100887721399031307e-23
7.780000000000000000e+02 1.076703270074656748e-23
7.790000000000000000e+02 9.878279473670242965e-24
7.800000000000000000e+02 9.685380624110830210e-24
7.810000000000000000e+02 9.232492016645959515e-24
7.820000000000000000e+02 1.022699857987595555e-23
7.830000000000000000e+02 1.086494100637114097e-23
7.840000000000000000e+02 1.032126102795978922e-23
7.850000000000000000e+02 1.118388663714297974e-23
7.860000000000000000e+02 1.166995506263157497e-23
7.870000000000000000e+02 1.133502373836288112e-23
7.880000000000000000e+02 1.132860928374125468e-23
7.890000000000000000e+02 1.170880143570949515e-23
7.900000000000000000e+02 1.030970958819944226e-23
7.910000000000000000e+02 1.035024727752806085e-23
7.920000000000000000e+02 1.044830000140195819e-23
7.930000000000000000e+02 1.080493688906252498e-23
7.940000000000000000e+02 1.083899476649924408e-23
7.950000000000000000e+02 1.154468816301396918e-23
7.960000000000000000e+02 1.176702270464948863e-23
7.970000000000000000e+02 1.173285567103529816e-23
7.980000000000000000e+02 1.092908186623160231e-23
7.990000000000000000e+02 1.072100000370837386e-23
8.000000000000000000e+02 1.072102727323107779e-23
8.010000000000000000e+02 1.084925105523719499e-23
8.020000000000000000e+02 1.038923287928868267e-23
8.030000000000000000e+02 9.859449229378509658e-24
8.040000000000000000e+02 9.876499259367564312e-24
8.050000000000000000e+02 1.057955623216335207e-23
8.060000000000000000e+02 1.083429356370647291e-23
8.070000000000000000e+02 9.054334715241836539e-24
8.080000000000000000e+02 1.024780237670700258e-23
8.090000000000000000e+02 1.153641769806814706e-23
8.100000000000000000e+02 1.134782221276599166e-23
8.110000000000000000e+02 1.140369034786575286e-23
8.120000000000000000e+02 1.164729166340809624e-23
8.130000000000000000e+02 1.160839370333057676e-23
8.140000000000000000e+02 1.203767478057230207e-23
8.150000000000000000e+02 1.043738039423938276e-23
8.160000000000000000e+02 1.127091328357524245e-23
8.170000000000000000e+02 1.135911612527345907e-23
8.180000000000000000e+02 1.052805290374005492e-23
8.190000000000000000e+02 9.431998568804278652e-24
8.200000000000000000e+02 1.059159236545847398e-23
8.210000000000000000e+02 1.149163717949413903e-23
8.220000000000000000e+02 1.103185839740339874e-23
8.230000000000000000e+02 1.116510817592167686e-23
8.240000000000000000e+02 1.112009331834262856e-23
8.250000000000000000e+02 1.081815653998354572e-23
8.260000000000000000e+02 1.131033010993531022e-23
8.270000000000000000e+02 1.082372249869319450e-23
8.280000000000000000e+02 1.129150445566816923e-23
8.290000000000000000e+02 1.104700694025942826e-23
8.300000000000000000e+02 9.790254272656330576e-24
8.310000000000000000e+02 1.013667336787729724e-23
8.320000000000000000e+02 1.181166714474523757e-23
8.330000000000000000e+02 1.166527036241420555e-23
8.340000000000000000e+02 1.174265298120460114e-23
8.350000000000000000e+02 1.156425301947299583e-23
8.360000000000000000e+02 1.124796787580597476e-23
8.370000000000000000e+02 1.150083132208646855e-23
8.380000000000000000e+02 1.178729442004794979e-23
8.390000000000000000e+02 1.196511810162579074e-23
8.400000000000000000e+02 1.224910414124106964e-23
8.410000000000000000e+02 1.203484629195763599e-23
8.420000000000000000e+02 1.093568585156054861e-23
8.430000000000000000e+02 9.702883422939656383e-24
8.440000000000000000e+02 9.420304259510450124e-24
8.450000000000000000e+02 1.050312195813409121e-23
8.460000000000000000e+02 1.169445619323234041e-23
8.470000000000000000e+02 1.194410210878336980e-23
8.480000000000000000e+02 1.048773145615377468e-23
8.490000000000000000e+02 1.090729439636665321e-23
8.500000000000000000e+02 1.034517409795343836e-23
8.510000000000000000e+02 1.048987238437825645e-23
8.520000000000000000e+02 1.204072551588777523e-23
8.530000000000000000e+02 1.118803829857720632e-23
8.540000000000000000e+02 1.155277444655150938e-23
8.550000000000000000e+02 1.226318200578533213e-23
8.560000000000000000e+02 1.145410839805128048e-23
8.570000000000000000e+02 1.142451122606879131e-23
8.580000000000000000e+02 1.078837247101012526e-23
8.590000000000000000e+02 1.136520379498530253e-23
8.600000000000000000e+02 1.190087574413452350e-23
8.610000000000000000e+02 1.090418706939207574e-23
8.620000000000000000e+02 1.017318691516883327e-23
8.630000000000000000e+02 1.072119860579520841e-23
8.640000000000000000e+02 1.144013331911719516e-23
8.650000000000000000e+02 1.152524734905203085e-23
8.660000000000000000e+02 1.150215238275451058e-23
8.670000000000000000e+02 1.167565504798140695e-23
8.680000000000000000e+02 1.227823171378133403e-23
8.690000000000000000e+02 1.130020630607498294e-23
8.700000000000000000e+02 1.044687696896804131e-23
8.710000000000000000e+02 1.178309565794993617e-23
8.720000000000000000e+02 1.271499519386680726e-23
8.730000000000000000e+02 1.159648697922828478e-23
8.740000000000000000e+02 1.053109294138330532e-23
8.750000000000000000e+02 1.014774411954147698e-23
8.760000000000000000e+02 1.056271902732584817e-23
8.770000000000000000e+02 1.080701799725176752e-23
8.780000000000000000e+02 1.191700699297851623e-23
8.790000000000000000e+02 1.236559538873207606e-23
8.800000000000000000e+02 1.141842345790656588e-23
8.810000000000000000e+02 1.194959379109424952e-23
8.820000000000000000e+02 1.192153582989225075e-23
8.830000000000000000e+02 1.083546033729600847e-23
8.840000000000000000e+02 1.128772945946769036e-23
8.850000000000000000e+02 1.220489272540727352e-23
8.860000000000000000e+02 1.219294661717603074e-23
8.870000000000000000e+02 1.233638473123770040e-23
8.880000000000000000e+02 1.209243537640089215e-23
8.890000000000000000e+02 1.105845959276900706e-23
8.900000000000000000e+02 1.161436142289783490e-23
8.910000000000000000e+02 1.212751150640804786e-23
8.920000000000000000e+02 1.219135936390820569e-23
8.930000000000000000e+02 1.136375671567781109e-23
8.940000000000000000e+02 1.189213200928061233e-23
8.950000000000000000e+02 1.209255432488437441e-23
8.960000000000000000e+02 1.267348505072147391e-23
8.970000000000000000e+02 1.207850256080138138e-23
8.980000000000000000e+02 1.330246423184639556e-23
8.990000000000000000e+02 1.222468437539871212e-23
9.000000000000000000e+02 1.133849452438842298e-23
9.010000000000000000e+02 1.202064106431485576e-23
9.020000000000000000e+02 1.200403978621886197e-23
9.030000000000000000e+02 1.289426115376826769e-23
9.040000000000000000e+02 1.168372332173273209e-23
9.050000000000000000e+02 1.229408903854018851e-23
9.060000000000000000e+02 1.238281509801659628e-23
9.070000000000000000e+02 1.156699973965117409e-23
9.080000000000000000e+02 1.124085612502466035e-23
9.090000000000000000e+02 1.233859016431598084e-23
9.100000000000000000e+02 1.194697354011430038e-23
9.110000000000000000e+02 1.146889778218385374e-23
9.120000000000000000e+02 1.231309271211775875e-23
9.130000000000000000e+02 1.209803407753347285e-23
9.140000000000000000e+02 1.249573074447825465e-23
9.150000000000000000e+02 1.189177917339467324e-23
9.160000000000000000e+02 1.160829590660811764e-23
9.170000000000000000e+02 1.152749513469969185e-23
9.180000000000000000e+02 1.278324247835444642e-23
9.190000000000000000e+02 1.302175345804345289e-23
9.200000000000000000e+02 1.215649656375873951e-23
9.210000000000000000e+02 1.216722520444194518e-23
9.220000000000000000e+02 1.254214970553997330e-23
9.230000000000000000e+02 1.201556438774356322e-23
9.240000000000000000e+02 1.132704515819363216e-23
9.250000000000000000e+02 1.173950605723121964e-23
9.260000000000000000e+02 1.222984635209950195e-23
9.270000000000000000e+02 1.253258803835037731e-23
9.280000000000000000e+02 1.265947436337392115e-23
9.290000000000000000e+02 1.269233561901561757e-23
9.300000000000000000e+02 1.209719710776642150e-23
9.310000000000000000e+02 1.164928794191055337e-23
9.320000000000000000e+02 1.276405327758068394e-23
9.330000000000000000e+02 1.127827057361981792e-23
9.340000000000000000e+02 1.140869141453547069e-23
9.350000000000000000e+02 1.130379799714578992e-23
9.360000000000000000e+02 1.158243322608233905e-23
9.370000000000000000e+02 1.115454975906466627e-23
9.380000000000000000e+02 1.140639782267109462e-23
9.390000000000000000e+02 1.282494028774269542e-23
9.400000000000000000e+02 1.180753369668924031e-23
9.410000000000000000e+02 1.229531531973329967e-23
9.420000000000000000e+02 1.239947163073016881e-23
9.430000000000000000e+02 1.338898140588825292e-23
9.440000000000000000e+02 1.369686021329504803e-23
9.450000000000000000e+02 1.281753606292643896e-23
9.460000000000000000e+02 1.058312882906791473e-23
9.470000000000000000e+02 1.173504094985087449e-23
9.480000000000000000e+02 1.435158532026996682e-23
9.490000000000000000e+02 1.441394061872435868e-23
9.500000000000000000e+02 1.307130683986419756e-23
9.510000000000000000e+02 1.255873476497621567e-23
9.520000000000000000e+02 1.209775188835078649e-23
9.530000000000000000e+02 1.209673204015837595e-23
9.540000000000000000e+02 1.152805431526948526e-23
9.550000000000000000e+02 1.353843857124860588e-23
9.560000000000000000e+02 1.304456227424494974e-23
9.570000000000000000e+02 1.159376174441778559e-23
9.580000000000000000e+02 1.055291933197277606e-23
9.590000000000000000e+02 1.153161002074184851e-23
9.600000000000000000e+02 1.286512677511904015e-23
9.610000000000000000e+02 1.338967131896000649e-23
9.620000000000000000e+02 1.418169100698770936e-23
9.630000000000000000e+02 1.358852972433063815e-23
9.640000000000000000e+02 1.297505050267030272e-23
9.650000000000000000e+02 1.328054633630113546e-23
9.660000000000000000e+02 1.358507812790894672e-23
9.670000000000000000e+02 1.219069058164215934e-23
9.680000000000000000e+02 1.222107688373312366e-23
9.690000000000000000e+02 1.274517006648495756e-23
9.700000000000000000e+02 1.273804365730953906e-23
9.710000000000000000e+02 1.298440114264104730e-23
9.720000000000000000e+02 1.246014927377902907e-23
9.730000000000000000e+02 1.328383520496012778e-23
9.740000000000000000e+02 1.325642139078873295e-23
9.750000000000000000e+02 1.257447628125356527e-23
9.760000000000000000e+02 1.137663240666503310e-23
9.770000000000000000e+02 1.274331386294746349e-23
9.780000000000000000e+02 1.351750388082757937e-23
9.790000000000000000e+02 1.303310857307923948e-23
9.800000000000000000e+02 1.294747166982853391e-23
9.810000000000000000e+02 1.288044400939753130e-23
9.820000000000000000e+02 1.342420362872203768e-23
9.830000000000000000e+02 1.217070189249602637e-23
9.840000000000000000e+02 1.206756662640674343e-23
9.850000000000000000e+02 1.413891341440774161e-23
9.860000000000000000e+02 1.491476976997922909e-23
9.870000000000000000e+02 1.512121536723945064e-23
9.880000000000000000e+02 2.330971394866338990e-23
9.890000000000000000e+02 4.544679337391040693e-23
9.900000000000000000e+02 2.002900286471769765e-22
9.910000000000000000e+02 2.142072124503369408e-21
9.920000000000000000e+02 3.438015333110028422e-21
9.930000000000000000e+02 2.467412291850827613e-21
9.940000000000000000e+02 3.428210798371723226e-21
9.950000000000000000e+02 4.464560583005760071e-21
9.960000000000000000e+02 4.132904180440842963e-21
9.970000000000000000e+02 2.234733234277153042e-21
9.980000000000000000e+02 3.323001974506700037e-21
9.990000000000000000e+02 3.078946821066463296e-21
1.000000000000000000e+03 1.054037374763195221e-21
1.001000000000000000e+03 7.009375053326680198e-23
1.002000000000000000e+03 3.260727582062989861e-23
1.003000000000000000e+03 2.740252525091899150e-22
1.004000000000000000e+03 9.139689833816804976e-22
1.005000000000000000e+03 8.584123790984856576e-22
1.006000000000000000e+03 1.964585141310576342e-22
1.007000000000000000e+03 2.925673237474683552e-23
1.008000000000000000e+03 2.485386769001091957e-23
1.009000000000000000e+03 4.242766235829954180e-23
1.010000000000000000e+03 4.410903982402664568e-23
1.011000000000000000e+03 1.837313722626176060e-23
1.012000000000000000e+03 1.406089047369990701e-23
1.013000000000000000e+03 1.409868653056231627e-23
1.014000000000000000e+03 1.331757260292753798e-23
1.015000000000000000e+03 1.182097923287373360e-23
1.016000000000000000e+03 1.265014142037000001e-23
1.017000000000000000e+03 1.360104249656941030e-23
1.018000000000000000e+03 1.287832184141191163e-23
1.019000000000000000e+03 1.212171811633258287e-23
1.020000000000000000e+03 1.253872678301419599e-23
1.021000000000000000e+03 1.356609129638512542e-23
1.022000000000000000e+03 1.421875613437536041e-23
1.023000000000000000e+03 1.314480230419072895e-23
1.024000000000000000e+03 1.347409254464468757e-23
1.025000000000000000e+03 1.244776443620451654e-23
1.026000000000000000e+03 1.482840584100905984e-23
1.027000000000000000e+03 1.345905797375149563e-23
1.028000000000000000e+03 1.270715668590738154e-23
1.029000000000000000e+03 1.388191883663697988e-23
1.030000000000000000e+03 1.324267224624725858e-23
1.031000000000000000e+03 1.204018822883395331e-23
1.032000000000000000e+03 1.296792632032211555e-23
1.033000000000000000e+03 1.385143378525494281e-23
1.034000000000000000e+03 1.349489946848163157e-23
1.035000000000000000e+03 1.340246429278368814e-23
1.036000000000000000e+03 1.210167440380508748e-23
1.037000000000000000e+03 1.173188011801259296e-23
1.038000000000000000e+03 1.278255780919438932e-23
1.039000000000000000e+03 1.431305037509307015e-23
1.040000000000000000e+03 1.276883354669953439e-23
1.041000000000000000e+03 1.354157394463212266e-23
1.042000000000000000e+03 1.336492184687024719e-23
1.043000000000000000e+03 1.253398720894231874e-23
1.044000000000000000e+03 1.339934129702835443e-23
1.045000000000000000e+03 1.356822750795047195e-23
1.046000000000000000e+03 1.524137448700334944e-23
1.047000000000000000e+03 1.467674936768110396e-23
1.048000000000000000e+03 1.411503516043264848e-23
1.049000000000000000e+03 1.332030855784692794e-23
1.050000000000000000e+03 1.372393939852303230e-23
1.051000000000000000e+03 1.259032118778824834e-23
1.052000000000000000e+03 1.228832834823847667e-23
1.053000000000000000e+03 1.424961725906543267e-23
1.054000000000000000e+03 1.397864344029654945e-23
1.055000000000000000e+03 1.435434809778157802e-23
1.056000000000000000e+03 1.511955487609496451e-23
1.057000000000000000e+03 1.439450974583936951e-23
1.058000000000000000e+03 1.426883375515952880e-23
1.059000000000000000e+03 1.346039470945129957e-23
1.060000000000000000e+03 1.356911380648791592e-23
1.061000000000000000e+03 1.455798322073554732e-23
1.062000000000000000e+03 1.315049295746565434e-23
1.063000000000000000e+03 1.271085128217837227e-23
1.064000000000000000e+03 1.394615681650621522e-23
1.065000000000000000e+03 1.448302307516669842e-23
1.066000000000000000e+03 1.366398750646538746e-23
1.067000000000000000e+03 1.272385434966726758e-23
1.068000000000000000e+03 1.339587247142383449e-23
1.069000000000000000e+03 1.306765565557523712e-23
1.070000000000000000e+03 1.274565200245332087e-23
1.071000000000000000e+03 1.272976185258564553e-23
1.072000000000000000e+03 1.368795536166347927e-23
1.073000000000000000e+03 1.365918275344128242e-23
1.074000000000000000e+03 1.408215286306570403e-23
1.075000000000000000e+03 1.382064973325879623e-23
1.076000000000000000e+03 1.244397217545007720e-23
1.077000000000000000e+03 1.336645807792988202e-23
1.078000000000000000e+03 1.425007057775032309e-23
1.079000000000000000e+03 1.419773989011341904e-23
1.080000000000000000e+03 1.517135674033454039e-23
1.081000000000000000e+03 1.502182838768639703e-23
1.082000000000000000e+03 1.642604883749514608e-23
1.083000000000000000e+03 6.234632765674516559e-23
1.084000000000000000e+03 8.029925851318167997e-23
1.085000000000000000e+03 2.700658408630695823e-23
1.086000000000000000e+03 1.331757624516800496e-23
1.087000000000000000e+03 1.256410937883856407e-23
1.088000000000000000e+03 1.260965160066569782e-23
1.089000000000000000e+03 1.232215916749921055e-23
1.090000000000000000e+03 1.434597219619835489e-23
1.091000000000000000e+03 1.412257327934178953e-23
1.092000000000000000e+03 1.351517655446434468e-23
1.093000000000000000e+03 1.373836779289008081e-23
1.094000000000000000e+03 1.421944461676533518e-23
1.095000000000000000e+03 1.325067039753921884e-23
1.096000000000000000e+03 1.382192717734451048e-23
1.097000000000000000e+03 1.254828065774976624e-23
1.098000000000000000e+03 1.293072963265160858e-23
1.099000000000000000e+03 1.432058378690458962e-23
1.100000000000000000e+03 1.416619846928090581e-23
1.101000000000000000e+03 1.364850511376854795e-23
1.102000000000000000e+03 1.429001191194710156e-23
1.103000000000000000e+03 1.474299724127776805e-23
1.104000000000000000e+03 1.407875913960467523e-23
1.105000000000000000e+03 1.555246715089281705e-23
1.106000000000000000e+03 1.463584666142722149e-23
1.107000000000000000e+03 1.493868506137060107e-23
1.108000000000000000e+03 1.443039913037252244e-23
1.109000000000000000e+03 1.391147034071268001e-23
1.110000000000000000e+03 1.315046570911481001e-23
1.111000000000000000e+03 1.416954588427508520e-23
1.112000000000000000e+03 1.628347537983163431e-23
1.113000000000000000e+03 1.502960489909298667e-23
1.114000000000000000e+03 1.374999641680404452e-23
1.115000000000000000e+03 1.395442130344860917e-23
1.116000000000000000e+03 1.456236535345356576e-23
1.117000000000000000e+03 1.622694102453015113e-23
1.118000000000000000e+03 1.604121094702807150e-23
1.119000000000000000e+03 1.488495462580277451e-23
1.120000000000000000e+03 1.438627648842050674e-23
1.121000000000000000e+03 1.555787865816238957e-23
1.122000000000000000e+03 1.417083524862333231e-23
1.123000000000000000e+03 1.387507556213530980e-23
1.124000000000000000e+03 1.313960943981272974e-23
1.125000000000000000e+03 1.490903108589604911e-23
1.126000000000000000e+03 1.468457010665472030e-23
1.127000000000000000e+03 1.305298869886808400e-23
1.128000000000000000e+03 1.341135015729946698e-23
1.129000000000000000e+03 1.369518803392919448e-23
1.130000000000000000e+03 1.354462872849321387e-23
1.131000000000000000e+03 1.713910112574590640e-23
1.132000000000000000e+03 1.789854536158509647e-23
1.133000000000000000e+03 1.615676844449538856e-23
1.134000000000000000e+03 1.538531287466001574e-23
1.135000000000000000e+03 1.476332417861520016e-23
1.136000000000000000e+03 1.543881269644166503e-23
1.137000000000000000e+03 1.498445195857746809e-23
1.138000000000000000e+03 1.471958157727446611e-23
1.139000000000000000e+03 1.309294072565996495e-23
1.140000000000000000e+03 1.288731321566894262e-23
1.141000000000000000e+03 1.353093693343744921e-23
1.142000000000000000e+03 1.396645257408344700e-23
1.143000000000000000e+03 1.516687274546434921e-23
1.144000000000000000e+03 1.496917283304114552e-23
1.145000000000000000e+03 1.432737625852955637e-23
1.146000000000000000e+03 1.493543914806767160e-23
1.147000000000000000e+03 1.429571449583871959e-23
1.148000000000000000e+03 1.472328909449671795e-23
1.149000000000000000e+03 1.505184132851048583e-23
1.150000000000000000e+03 1.488218314535345661e-23
1.151000000000000000e+03 1.431502553808760509e-23
1.152000000000000000e+03 1.473900051884829233e-23
1.153000000000000000e+03 1.459567965829966988e-23
1.154000000000000000e+03 1.513309789691715637e-23
1.155000000000000000e+03 1.453616708395994761e-23
1.156000000000000000e+03 1.442227889792500923e-23
1.157000000000000000e+03 1.548208846329584484e-23
1.158000000000000000e+03 1.548823189094476180e-23
1.159000000000000000e+03 1.451784234612997424e-23
1.160000000000000000e+03 1.390729671805463034e-23
1.161000000000000000e+03 1.354988454440130802e-23
1.162000000000000000e+03 1.542954623031037818e-23
1.163000000000000000e+03 1.685835760809155784e-23
1.164000000000000000e+03 1.594759739010168445e-23
1.165000000000000000e+03 1.441889201967267013e-23
1.166000000000000000e+03 1.454991392659767925e-23
1.167000000000000000e+03 1.429039498033091319e-23
1.168000000000000000e+03 1.618129916484724104e-23
1.169000000000000000e+03 1.649220419399544733e-23
1.170000000000000000e+03 1.492405943605421691e-23
1.171000000000000000e+03 1.515811630321264330e-23
1.172000000000000000e+03 1.486699494741225444e-23
1.173000000000000000e+03 1.439717835626225100e-23
1.174000000000000000e+03 1.388932046391508149e-23
1.175000000000000000e+03 1.468750994294581272e-23
1.176000000000000000e+03 1.494331554313678407e-23
1.177000000000000000e+03 1.534382678597792439e-23
1.178000000000000000e+03 1.612306041759345388e-23
1.179000000000000000e+03 1.600535799615721257e-23
1.180000000000000000e+03 1.542358398433858387e-23
1.181000000000000000e+03 1.402991926025985347e-23
1.182000000000000000e+03 1.433666485661138813e-23
1.183000000000000000e+03 1.487474249939075156e-23
1.184000000000000000e+03 1.435888501418612300e-23
1.185000000000000000e+03 1.479791629964292273e-23
1.186000000000000000e+03 1.401609848128007256e-23
1.187000000000000000e+03 1.492512559320768555e-23
1.188000000000000000e+03 1.573472436818006643e-23
1.189000000000000000e+03 1.518907134122278313e-23
1.190000000000000000e+03 1.394800074994252456e-23
1.191000000000000000e+03 1.554138507163680857e-23
1.192000000000000000e+03 1.645338761849799613e-23
1.193000000000000000e+03 1.527333298173918067e-23
1.194000000000000000e+03 1.562559137796757557e-23
1.195000000000000000e+03 1.384477469139519992e-23
1.196000000000000000e+03 1.385278538138098851e-23
1.197000000000000000e+03 1.432771852008030272e-23
1.198000000000000000e+03 1.559140740969445421e-23
1.199000000000000000e+03 1.566786989478894999e-23
1.200000000000000000e+03 1.627201181209961213e-23
1.201000000000000000e+03 1.505372404299469491e-23
1.202000000000000000e+03 1.540566255498571089e-23
1.203000000000000000e+03 1.610289770282463927e-23
1.204000000000000000e+03 1.584516655388074286e-23
1.205000000000000000e+03 1.492010919127630777e-23
1.206000000000000000e+03 1.395629639736839857e-23
1.207000000000000000e+03 1.382379638972196165e-23
1.208000000000000000e+03 1.408820115689193743e-23
1.209000000000000000e+03 1.370548041117659306e-23
1.210000000000000000e+03 1.420467782891940638e-23
1.211000000000000000e+03 1.517601815889099042e-23
1.212000000000000000e+03 1.579962104493250253e-23
1.213000000000000000e+03 1.630662303843966347e-23
1.214000000000000000e+03 1.493912446250420944e-23
1.215000000000000000e+03 1.493894151875730508e-23
1.216000000000000000e+03 1.640921600980230289e-23
1.217000000000000000e+03 1.645011672239480603e-23
1.218000000000000000e+03 1.480118447525305473e-23
1.219000000000000000e+03 1.474615347879557495e-23
1.220000000000000000e+03 1.451524003679051986e-23
1.221000000000000000e+03 1.365545621954548809e-23
1.222000000000000000e+03 1.439056863774178010e-23
1.223000000000000000e+03 1.516308810338070219e-23
1.224000000000000000e+03 1.542904627453332340e-23
1.225000000000000000e+03 1.644531213095420735e-23
1.226000000000000000e+03 1.732444606396901349e-23
1.227000000000000000e+03 1.720066720619722614e-23
1.228000000000000000e+03 1.435232933751125638e-23
1.229000000000000000e+03 1.543581278811022282e-23
1.230000000000000000e+03 1.725076439308342104e-23
1.231000000000000000e+03 1.741497478148941425e-23
1.232000000000000000e+03 1.515362992978011190e-23
1.233000000000000000e+03 1.596748470407957658e-23
1.234000000000000000e+03 1.689461888686999326e-23
1.235000000000000000e+03 1.652165850549965378e-23
1.236000000000000000e+03 1.509663370726839060e-23
1.237000000000000000e+03 1.562963387763407050e-23
1.238000000000000000e+03 1.739090993792121489e-23
1.239000000000000000e+03 1.707038446376197279e-23
1.240000000000000000e+03 1.537160502675625479e-23
1.241000000000000000e+03 1.559152469574874827e-23
1.242000000000000000e+03 1.540772006494061158e-23
1.243000000000000000e+03 1.647282787833458641e-23
1.244000000000000000e+03 1.481017108772713716e-23
1.245000000000000000e+03 1.415836060993038979e-23
1.246000000000000000e+03 1.386863534655435913e-23
1.247000000000000000e+03 1.527271889108682973e-23
1.248000000000000000e+03 1.541436772428269725e-23
1.249000000000000000e+03 1.657572222430389427e-23
1.250000000000000000e+03 1.689685431107958134e-23
1.251000000000000000e+03 1.653643173029728191e-23
1.252000000000000000e+03 1.490086615219005860e-23
1.253000000000000000e+03 1.523836604419143656e-23
1.254000000000000000e+03 1.516914760754608868e-23
1.255000000000000000e+03 1.445614060953304903e-23
1.256000000000000000e+03 1.365331847436447195e-23
1.257000000000000000e+03 1.521754587332240627e-23
1.258000000000000000e+03 1.651519514843601551e-23
1.259000000000000000e+03 1.571146394010913143e-23
1.260000000000000000e+03 1.607057850735698165e-23
1.261000000000000000e+03 1.657825692821356055e-23
1.262000000000000000e+03 1.541213723263770012e-23
1.263000000000000000e+03 1.454092320576229191e-23
1.264000000000000000e+03 1.567427106650842991e-23
1.265000000000000000e+03 1.606350028385102310e-23
1.266000000000000000e+03 1.562613262245993209e-23
1.267000000000000000e+03 1.422916827718736278e-23
1.268000000000000000e+03 1.554748125664297133e-23
1.269000000000000000e+03 1.625861228950501531e-23
1.270000000000000000e+03 1.528231732260619455e-23
1.271000000000000000e+03 1.481926315389395042e-23
1.272000000000000000e+03 1.570977525572427904e-23
1.273000000000000000e+03 1.751102379746454052e-23
1.274000000000000000e+03 1.719557240658150934e-23
1.275000000000000000e+03 1.713208548193224776e-23
1.276000000000000000e+03 1.627748868856949695e-23
1.277000000000000000e+03 1.565287433014442472e-23
1.278000000000000000e+03 1.594452334815776838e-23
1.279000000000000000e+03 1.665114799320809457e-23
1.280000000000000000e+03 1.678758548032623831e-23
1.281000000000000000e+03 1.592109488921922665e-23
1.282000000000000000e+03 1.616764346977784698e-23
1.283000000000000000e+03 1.483872990306807401e-23
1.284000000000000000e+03 1.585103362010188754e-23
1.285000000000000000e+03 1.664393388349244375e-23
1.286000000000000000e+03 1.571986557580036090e-23
1.287000000000000000e+03 1.829784746071898558e-23
1.288000000000000000e+03 1.829593973423510689e-23
1.289000000000000000e+03 1.747915410268163199e-23
1.290000000000000000e+03 1.741655016438012851e-23
1.291000000000000000e+03 1.727840199191491168e-23
1.292000000000000000e+03 1.676394284997770419e-23
1.293000000000000000e+03 1.613509390594450437e-23
1.294000000000000000e+03 1.604038232042810280e-23
1.295000000000000000e+03 1.556055348230131850e-23
1.296000000000000000e+03 1.586652971127214540e-23
1.297000000000000000e+03 1.478979622245165297e-23
1.298000000000000000e+03 1.685506137569694597e-23
1.299000000000000000e+03 1.646035399538007175e-23
1.300000000000000000e+03 1.714090293077477659e-23
1.301000000000000000e+03 1.574564598585309584e-23
1.302000000000000000e+03 1.712179620046442934e-23
1.303000000000000000e+03 1.823170451242459346e-23
1.304000000000000000e+03 1.661153847138579401e-23
1.305000000000000000e+03 1.614914603226363857e-23
1.306000000000000000e+03 1.551637721743562935e-23
1.307000000000000000e+03 1.701082657416920779e-23
1.308000000000000000e+03 1.713572176389601314e-23
1.309000000000000000e+03 1.635203468238880561e-23
1.310000000000000000e+03 1.795367372624922123e-23
1.311000000000000000e+03 1.666016865182276557e-23
1.312000000000000000e+03 1.676983345944511959e-23
1.313000000000000000e+03 1.829132257209745184e-23
1.314000000000000000e+03 1.729344922007435274e-23
1.315000000000000000e+03 1.673611713010034733e-23
1.316000000000000000e+03 1.756844405131116941e-23
1.317000000000000000e+03 1.786500040616824375e-23
1.318000000000000000e+03 1.781603653688309457e-23
1.319000000000000000e+03 1.725447194496199112e-23
1.320000000000000000e+03 1.657391006836531967e-23
1.321000000000000000e+03 1.441015961463873725e-23
1.322000000000000000e+03 1.552935031304297733e-23
1.323000000000000000e+03 1.463744551381405236e-23
1.324000000000000000e+03 1.617507621082091033e-23
1.325000000000000000e+03 1.851243421501194181e-23
1.326000000000000000e+03 1.609975340710904730e-23
1.327000000000000000e+03 1.500632955907813017e-23
1.328000000000000000e+03 1.671158794411629275e-23
1.329000000000000000e+03 1.448004570912087156e-23
1.330000000000000000e+03 1.552630811180144922e-23
1.331000000000000000e+03 1.701686121177958420e-23
1.332000000000000000e+03 1.713820035728556412e-23
1.333000000000000000e+03 1.681624441380587059e-23
1.334000000000000000e+03 1.729999953305785176e-23
1.335000000000000000e+03 1.611409344967129604e-23
1.336000000000000000e+03 1.577484039329652400e-23
1.337000000000000000e+03 1.706001141948398906e-23
1.338000000000000000e+03 1.556333660031501516e-23
1.339000000000000000e+03 1.750691129335828120e-23
1.340000000000000000e+03 1.805492851828204895e-23
1.341000000000000000e+03 1.702880721598257739e-23
1.342000000000000000e+03 1.759190204130350018e-23
1.343000000000000000e+03 1.951525814123355177e-23
1.344000000000000000e+03 1.822602058979591262e-23
1.345000000000000000e+03 1.802937533515536853e-23
1.346000000000000000e+03 1.701238099872033623e-23
1.347000000000000000e+03 1.671442186144648769e-23
1.348000000000000000e+03 1.697638381997183236e-23
1.349000000000000000e+03 1.705447582270204751e-23
1.350000000000000000e+03 1.771251439367150518e-23
1.351000000000000000e+03 1.780462230393109907e-23
1.352000000000000000e+03 1.907097188125893206e-23
1.353000000000000000e+03 2.023370057249507277e-23
1.354000000000000000e+03 1.800090130524637768e-23
1.355000000000000000e+03 1.575644984207561403e-23
1.356000000000000000e+03 1.652745099397781217e-23
1.357000000000000000e+03 1.686809421516580213e-23
1.358000000000000000e+03 1.632446696332973798e-23
1.359000000000000000e+03 1.788044499572373803e-23
1.360000000000000000e+03 1.720639886419709879e-23
1.361000000000000000e+03 1.599212786564747330e-23
1.362000000000000000e+03 1.453082239412790421e-23
1.363000000000000000e+03 1.650598075753676417e-23
1.364000000000000000e+03 1.649766914000590595e-23
1.365000000000000000e+03 1.617781843867086473e-23
1.366000000000000000e+03 1.702608751303460470e-23
1.367000000000000000e+03 1.636879515480543573e-23
1.368000000000000000e+03 1.611924799542686711e-23
1.369000000000000000e+03 1.644766803578786646e-23
1.370000000000000000e+03 1.740611946305550869e-23
1.371000000000000000e+03 1.824085431076301103e-23
1.372000000000000000e+03 1.845427663117592416e-23
1.373000000000000000e+03 1.628396176097871106e-23
1.374000000000000000e+03 1.604359332831168457e-23
1.375000000000000000e+03 1.628486992582641768e-23
1.376000000000000000e+03 1.791540557878541938e-23
1.377000000000000000e+03 1.925237302868673825e-23
1.378000000000000000e+03 1.753128630140613026e-23
1.379000000000000000e+03 1.778140215434702785e-23
1.380000000000000000e+03 1.865312170300194974e-23
1.381000000000000000e+03 1.731878062163978190e-23
1.382000000000000000e+03 1.956210642507447114e-23
1.383000000000000000e+03 1.959517615471689938e-23
1.384000000000000000e+03 1.792132361992014527e-23
1.385000000000000000e+03 1.850677859255245028e-23
1.386000000000000000e+03 1.688032099424550587e-23
1.387000000000000000e+03 1.592920968699108583e-23
1.388000000000000000e+03 1.835436443483450394e-23
1.389000000000000000e+03 1.701489638013558561e-23
1.390000000000000000e+03 1.696768745587725808e-23
1.391000000000000000e+03 1.751647964264607868e-23
1.392000000000000000e+03 1.665800475710565823e-23
1.393000000000000000e+03 1.570900374567997516e-23
1.394000000000000000e+03 1.796195417424169586e-23
1.395000000000000000e+03 1.859678023193904438e-23
1.396000000000000000e+03 1.562529125591494000e-23
1.397000000000000000e+03 1.554502429127630203e-23
1.398000000000000000e+03 1.825593191265591211e-23
1.399000000000000000e+03 1.830337411023380439e-23
1.400000000000000000e+03 1.604063622426492157e-23
1.401000000000000000e+03 1.680401955238041648e-23
1.402000000000000000e+03 1.761757974025894185e-23
1.403000000000000000e+03 1.802466790399501641e-23
1.404000000000000000e+03 1.754462282828244767e-23
1.405000000000000000e+03 1.766540449451354329e-23
1.406000000000000000e+03 1.827587967291977585e-23
1.407000000000000000e+03 1.854869420586755606e-23
1.408000000000000000e+03 1.974257716250231234e-23
1.409000000000000000e+03 1.903922520136194538e-23
1.410000000000000000e+03 1.667617572215485699e-23
1.411000000000000000e+03 1.802697974273742993e-23
1.412000000000000000e+03 1.826070693721650158e-23
1.413000000000000000e+03 1.659124414421924853e-23
1.414000000000000000e+03 1.661634438528867327e-23
1.415000000000000000e+03 1.821993466058429654e-23
1.416000000000000000e+03 1.917964354606968538e-23
1.417000000000000000e+03 1.933319652006878224e-23
1.418000000000000000e+03 1.876081001769003642e-23
1.419000000000000000e+03 1.844845012964088678e-23
1.420000000000000000e+03 1.850898890179924340e-23
1.421000000000000000e+03 1.766719188630755392e-23
1.422000000000000000e+03 1.713828131872212425e-23
1.423000000000000000e+03 1.687049589183680307e-23
1.424000000000000000e+03 1.884515594052882554e-23
1.425000000000000000e+03 1.772330822460561402e-23
1.426000000000000000e+03 1.746804825290175772e-23
1.427000000000000000e+03 1.778548522634719063e-23
1.428000000000000000e+03 1.447332838290035046e-23
1.429000000000000000e+03 1.612638981923867409e-23
1.430000000000000000e+03 1.709061134150654945e-23
1.431000000000000000e+03 1.742069349204776395e-23
1.432000000000000000e+03 1.656301063250302379e-23
1.433000000000000000e+03 1.722617586483929075e-23
1.434000000000000000e+03 1.752413953749882197e-23
1.435000000000000000e+03 1.922671212798769971e-23
1.436000000000000000e+03 1.973537850719850949e-23
1.437000000000000000e+03 1.952110520734307568e-23
1.438000000000000000e+03 1.911809362859091038e-23
1.439000000000000000e+03 1.875200719176415480e-23
1.440000000000000000e+03 1.755503393372276606e-23
1.441000000000000000e+03 1.932415085741941797e-23
1.442000000000000000e+03 1.988505777769493775e-23
1.443000000000000000e+03 1.766786612586009384e-23
1.444000000000000000e+03 1.787872617569984331e-23
1.445000000000000000e+03 1.806703927721292384e-23
1.446000000000000000e+03 1.880115112878112164e-23
1.447000000000000000e+03 1.721107751250775869e-23
1.448000000000000000e+03 1.604368341006328213e-23
1.449000000000000000e+03 1.632236111130705150e-23
1.450000000000000000e+03 1.785624534638620929e-23
1.451000000000000000e+03 1.815797653585907531e-23
1.452000000000000000e+03 1.814807504865082738e-23
1.453000000000000000e+03 1.833126327873710495e-23
1.454000000000000000e+03 2.787736673181941704e-23
1.455000000000000000e+03 3.710689653347498272e-22
1.456000000000000000e+03 1.050052150481599960e-21
1.457000000000000000e+03 8.753171538019718522e-22
1.458000000000000000e+03 2.413371989666533669e-22
1.459000000000000000e+03 2.751548463184897410e-23
1.460000000000000000e+03 7.709691819894364616e-23
1.461000000000000000e+03 4.667245339061930493e-22
1.462000000000000000e+03 1.235145990714801945e-21
1.463000000000000000e+03 9.851063025302218200e-22
1.464000000000000000e+03 2.332859675023211151e-22
1.465000000000000000e+03 3.049736929410305553e-23
1.466000000000000000e+03 2.524541045012176003e-23
1.467000000000000000e+03 3.714202565599112345e-22
1.468000000000000000e+03 6.946856719510396630e-22
1.469000000000000000e+03 3.559085797184197651e-22
1.470000000000000000e+03 5.352135090505779231e-22
1.471000000000000000e+03 5.482585603984553105e-22
1.472000000000000000e+03 1.297690429073353728e-21
1.473000000000000000e+03 1.219803252893316519e-21
1.474000000000000000e+03 6.460801113405341462e-22
1.475000000000000000e+03 1.148736273484265139e-21
1.476000000000000000e+03 7.933635692843820345e-22
1.477000000000000000e+03 2.227889509005739953e-22
1.478000000000000000e+03 5.486301336212218053e-22
1.479000000000000000e+03 3.506805224687669489e-22
1.480000000000000000e+03 4.120491893103126970e-23
1.481000000000000000e+03 1.689925496180368424e-22
1.482000000000000000e+03 1.057270594511982332e-21
1.483000000000000000e+03 1.365190275685282819e-21
1.484000000000000000e+03 1.685267349189874426e-21
1.485000000000000000e+03 1.192763577045316207e-21
1.486000000000000000e+03 2.208584577064699242e-22
1.487000000000000000e+03 3.507909949003144646e-23
1.488000000000000000e+03 2.019128681916155285e-23
1.489000000000000000e+03 2.001521897195285751e-23
1.490000000000000000e+03 1.779786447439276662e-23
1.491000000000000000e+03 1.807004451800051833e-23
1.492000000000000000e+03 1.801566285951248537e-23
1.493000000000000000e+03 1.806895002673768563e-23
1.494000000000000000e+03 1.803232239669064050e-23
1.495000000000000000e+03 1.793035441572910056e-23
1.496000000000000000e+03 1.716999996836994959e-23
1.497000000000000000e+03 1.691362136631191323e-23
1.498000000000000000e+03 1.778761766098877049e-23
1.499000000000000000e+03 2.059964818549209409e-23
1.500000000000000000e+03 2.099594243581056749e-23
1.501000000000000000e+03 1.930024110200790603e-23
1.502000000000000000e+03 1.816960039978360538e-23
1.503000000000000000e+03 1.783483911064587365e-23
1.504000000000000000e+03 1.767305647450322926e-23
1.505000000000000000e+03 1.871007402350081279e-23
1.506000000000000000e+03 1.918456290434506417e-23
1.507000000000000000e+03 1.912307168758164137e-23
1.508000000000000000e+03 1.919908121882093544e-23
1.509000000000000000e+03 1.963087070109266285e-23
1.510000000000000000e+03 2.004740556874325694e-23
1.511000000000000000e+03 1.741422623382666926e-23
1.512000000000000000e+03 1.912489867911324913e-23
1.513000000000000000e+03 1.985261995411344849e-23
1.514000000000000000e+03 2.027118508426898606e-23
1.515000000000000000e+03 2.134713929709416484e-23
1.516000000000000000e+03 2.035669744651405866e-23
1.517000000000000000e+03 1.895817684935460553e-23
1.518000000000000000e+03 1.759463777034836806e-23
1.519000000000000000e+03 1.768363153505061895e-23
1.520000000000000000e+03 1.885400554260865844e-23
1.521000000000000000e+03 1.916519482698916853e-23
1.522000000000000000e+03 1.752544680106766082e-23
1.523000000000000000e+03 1.725762311222155158e-23
1.524000000000000000e+03 2.003977114090163860e-23
1.525000000000000000e+03 1.948515026066878722e-23
1.526000000000000000e+03 1.832166173179617541e-23
1.527000000000000000e+03 1.884995017776147662e-23
1.528000000000000000e+03 1.936158265980776922e-23
1.529000000000000000e+03 2.007509405642578530e-23
1.530000000000000000e+03 1.902783491078993483e-23
1.531000000000000000e+03 1.966182577194612660e-23
1.532000000000000000e+03 2.045495282115946960e-23
1.533000000000000000e+03 1.930937881709559508e-23
1.534000000000000000e+03 2.004477442524879247e-23
1.535000000000000000e+03 2.051245998299916494e-23
1.536000000000000000e+03 1.968985125298195923e-23
1.537000000000000000e+03 1.967228479774852120e-23
1.538000000000000000e+03 2.131426880522227542e-23
1.539000000000000000e+03 2.107094104094443417e-23
1.540000000000000000e+03 2.026832708296159843e-23
1.541000000000000000e+03 1.842541273954945024e-23
1.542000000000000000e+03 1.818120532570232776e-23
1.543000000000000000e+03 1.935331346609653653e-23
1.544000000000000000e+03 1.903642463657704304e-23
1.545000000000000000e+03 1.874131280827579875e-23
1.546000000000000000e+03 1.984317729858221859e-23
1.547000000000000000e+03 1.982722721073535982e-23
1.548000000000000000e+03 2.131253362591796787e-23
1.549000000000000000e+03 1.932616647513852052e-23
1.550000000000000000e+03 1.699665966176151299e-23
1.551000000000000000e+03 1.739130570571345048e-23
1.552000000000000000e+03 1.787385979217553997e-23
1.553000000000000000e+03 1.849750299935860623e-23
1.554000000000000000e+03 1.883325061705411768e-23
1.555000000000000000e+03 1.848128898680273993e-23
1.556000000000000000e+03 1.768582819944714253e-23
1.557000000000000000e+03 1.765665885250124811e-23
1.558000000000000000e+03 1.660779634903730083e-23
1.559000000000000000e+03 1.721643976605597428e-23
1.560000000000000000e+03 1.889847584098456544e-23
1.561000000000000000e+03 1.964219187025816377e-23
1.562000000000000000e+03 2.203989054768241521e-23
1.563000000000000000e+03 1.880432514370686107e-23
1.564000000000000000e+03 1.642074922169264993e-23
1.565000000000000000e+03 1.834451308350741956e-23
1.566000000000000000e+03 2.030967701355350943e-23
1.567000000000000000e+03 2.068419669483211386e-23
1.568000000000000000e+03 1.905749215611127335e-23
1.569000000000000000e+03 2.031079321383192483e-23
1.570000000000000000e+03 1.976664838265608571e-23
1.571000000000000000e+03 1.857498267886673267e-23
1.572000000000000000e+03 1.733473112885591418e-23
1.573000000000000000e+03 1.882863891801786522e-23
1.574000000000000000e+03 1.957221975807165984e-23
1.575000000000000000e+03 1.857374216728136135e-23
1.576000000000000000e+03 1.995336712043117669e-23
1.577000000000000000e+03 1.972653452372325284e-23
1.578000000000000000e+03 1.920496073230472358e-23
1.579000000000000000e+03 1.965884389253413300e-23
1.580000000000000000e+03 2.118375726487098698e-23
1.581000000000000000e+03 1.998524825558180167e-23
1.582000000000000000e+03 2.068687605239092864e-23
1.583000000000000000e+03 1.916491271344860031e-23
1.584000000000000000e+03 2.032934026008137494e-23
1.585000000000000000e+03 1.929326038647994890e-23
1.586000000000000000e+03 1.770411079867332415e-23
1.587000000000000000e+03 1.896380662349277913e-23
1.588000000000000000e+03 1.987416054453170261e-23
1.589000000000000000e+03 2.043409604053039584e-23
1.590000000000000000e+03 1.872612071973870417e-23
1.591000000000000000e+03 1.921453565208736988e-23
1.592000000000000000e+03 2.123724881523652245e-23
1.593000000000000000e+03 1.893838425767056498e-23
1.594000000000000000e+03 1.916624193126078007e-23
1.595000000000000000e+03 2.131439410714493692e-23
1.596000000000000000e+03 1.929047439757822228e-23
1.597000000000000000e+03 2.028805533654538094e-23
1.598000000000000000e+03 2.043942036147682898e-23
1.599000000000000000e+03 2.007118057633825139e-23
1.600000000000000000e+03 1.982201729419424235e-23
1.601000000000000000e+03 1.973400002418945312e-23
1.602000000000000000e+03 1.965134716327157999e-23
1.603000000000000000e+03 1.901756310892085619e-23
1.604000000000000000e+03 1.969822627428631950e-23
1.605000000000000000e+03 2.138796595404522225e-23
1.606000000000000000e+03 2.188292341864520870e-23
1.607000000000000000e+03 2.086690712446460013e-23
1.608000000000000000e+03 1.953942197025843165e-23
1.609000000000000000e+03 1.912411896902817251e-23
1.610000000000000000e+03 1.795167409328801024e-23
1.611000000000000000e+03 1.921447708739763199e-23
1.612000000000000000e+03 1.965779851360573072e-23
1.613000000000000000e+03 1.921615461894763037e-23
1.614000000000000000e+03 1.884662653278512739e-23
1.615000000000000000e+03 1.930750317559992131e-23
1.616000000000000000e+03 2.053190230471869483e-23
1.617000000000000000e+03 2.060878127715785201e-23
1.618000000000000000e+03 1.916403345826365999e-23
1.619000000000000000e+03 2.107503853234699913e-23
1.620000000000000000e+03 2.098283390766909203e-23
1.621000000000000000e+03 1.898362764678774487e-23
1.622000000000000000e+03 2.012351844001057301e-23
1.623000000000000000e+03 1.991749816258684955e-23
1.624000000000000000e+03 2.063209515504393487e-23
1.625000000000000000e+03 2.100846194724555411e-23
1.626000000000000000e+03 1.963013564472915720e-23
1.627000000000000000e+03 1.735522053521169789e-23
1.628000000000000000e+03 1.809753562339545491e-23
1.629000000000000000e+03 1.909177321236776258e-23
1.630000000000000000e+03 1.862337739996646030e-23
1.631000000000000000e+03 2.032111515320766118e-23
1.632000000000000000e+03 2.229023394906251826e-23
1.633000000000000000e+03 2.185312545833363054e-23
1.634000000000000000e+03 1.991153882851886020e-23
1.635000000000000000e+03 2.069047172331952036e-23
1.636000000000000000e+03 2.102099335189089017e-23
1.637000000000000000e+03 1.974778709444186801e-23
1.638000000000000000e+03 2.145782112434214174e-23
1.639000000000000000e+03 2.067872224210807419e-23
1.640000000000000000e+03 2.137228717361622462e-23
1.641000000000000000e+03 2.084327189599862841e-23
1.642000000000000000e+03 1.983773684571959309e-23
1.643000000000000000e+03 1.923491117603182663e-23
1.644000000000000000e+03 2.090916754782050730e-23
1.645000000000000000e+03 2.048404204478928183e-23
1.646000000000000000e+03 2.239519830537310736e-23
1.647000000000000000e+03 1.992427059077329872e-23
1.648000000000000000e+03 1.795711752793426203e-23
1.649000000000000000e+03 2.025434778745758183e-23
1.650000000000000000e+03 1.875346643577250617e-23
1.651000000000000000e+03 2.030032668654952086e-23
1.652000000000000000e+03 2.216174460904462200e-23
1.653000000000000000e+03 2.017776897629047414e-23
1.654000000000000000e+03 1.765064696720863373e-23
1.655000000000000000e+03 1.898195091657485504e-23
1.656000000000000000e+03 2.137248098202752065e-23
1.657000000000000000e+03 2.085082291847347793e-23
1.658000000000000000e+03 2.085603041047632013e-23
1.659000000000000000e+03 1.782719765956828330e-23
1.660000000000000000e+03 1.928243465316975391e-23
1.661000000000000000e+03 2.066457326197227820e-23
1.662000000000000000e+03 2.086861941520383017e-23
1.663000000000000000e+03 2.086507577341472986e-23
1.664000000000000000e+03 1.941725475953704353e-23
1.665000000000000000e+03 1.902266996820898603e-23
1.666000000000000000e+03 2.057914372537578100e-23
1.667000000000000000e+03 2.006363639278472493e-23
1.668000000000000000e+03 1.789312967615518357e-23
1.669000000000000000e+03 1.915399092918852582e-23
1.670000000000000000e+03 1.923928606140257193e-23
1.671000000000000000e+03 1.928911081410470129e-23
1.672000000000000000e+03 1.912440332409850291e-23
1.673000000000000000e+03 1.908924076351409565e-23
1.674000000000000000e+03 1.826864581945165325e-23
1.675000000000000000e+03 1.786625134145843144e-23
1.676000000000000000e+03 1.884100002879791421e-23
1.677000000000000000e+03 2.082004442991978689e-23
1.678000000000000000e+03 2.108203892349577547e-23
1.679000000000000000e+03 1.971842298382199986e-23
1.680000000000000000e+03 1.856349160854582915e-23
1.681000000000000000e+03 1.847421754430005780e-23
1.682000000000000000e+03 1.863926739347944562e-23
1.683000000000000000e+03 1.833887012036498574e-23
1.684000000000000000e+03 1.894904655677762679e-23
1.685000000000000000e+03 1.759027622878166140e-23
1.686000000000000000e+03 1.680146003742838737e-23
1.687000000000000000e+03 1.735050549186166212e-23
1.688000000000000000e+03 1.707242349134065778e-23
1.689000000000000000e+03 1.926243749933190898e-23
1.690000000000000000e+03 1.790895335337626639e-23
1.691000000000000000e+03 1.779855792735885529e-23
1.692000000000000000e+03 1.858691608426166597e-23
1.693000000000000000e+03 1.944943906992387748e-23
1.694000000000000000e+03 1.683478324855298432e-23
1.695000000000000000e+03 1.953088051966187958e-23
1.696000000000000000e+03 1.672335020114339854e-23
1.697000000000000000e+03 1.570247667934195054e-23
1.698000000000000000e+03 1.664067657050787900e-23
1.699000000000000000e+03 1.813421620002062874e-23
1.700000000000000000e+03 1.615106886460001121e-23
1.701000000000000000e+03 1.493362431864840732e-23
1.702000000000000000e+03 1.854915304027576469e-23
1.703000000000000000e+03 1.966052862263154118e-23
1.704000000000000000e+03 1.604933427138705376e-23
1.705000000000000000e+03 1.616428172673953438e-23
1.706000000000000000e+03 1.628056264954589404e-23
1.707000000000000000e+03 1.612240914428355155e-23
1.708000000000000000e+03 1.616374359249839826e-23
1.709000000000000000e+03 1.675663471695141432e-23
1.710000000000000000e+03 1.499853761950630380e-23
1.711000000000000000e+03 1.582958567511159156e-23
1.712000000000000000e+03 1.626095469720376979e-23
1.713000000000000000e+03 1.430138979321238779e-23
1.714000000000000000e+03 1.442268165859525531e-23
1.715000000000000000e+03 1.537887190393804403e-23
1.716000000000000000e+03 1.455669434508649289e-23
1.717000000000000000e+03 1.310552009993021342e-23
1.718000000000000000e+03 1.337672321412436070e-23
1.719000000000000000e+03 1.324817061457458571e-23
1.720000000000000000e+03 1.243146172444774802e-23
1.721000000000000000e+03 1.307467436782561479e-23
1.722000000000000000e+03 1.380036768906474450e-23
1.723000000000000000e+03 1.264465798000701602e-23
1.724000000000000000e+03 1.212547899999956654e-23
1.725000000000000000e+03 1.423106443505471684e-23
1.726000000000000000e+03 1.441670818571694636e-23
1.727000000000000000e+03 1.460616310056621505e-23
1.728000000000000000e+03 1.430248960001320845e-23
1.729000000000000000e+03 1.216028984129026057e-23
1.730000000000000000e+03 1.188715302916663203e-23
1.731000000000000000e+03 1.208306045632269516e-23
1.732000000000000000e+03 1.091987543195996879e-23
1.733000000000000000e+03 1.100609494752128834e-23
1.734000000000000000e+03 1.120122645885476979e-23
1.735000000000000000e+03 1.068847149278413236e-23
1.736000000000000000e+03 1.098616171875491370e-23
1.737000000000000000e+03 1.094266050612691622e-23
1.738000000000000000e+03 1.050910471025404606e-23
1.739000000000000000e+03 1.024701863095810380e-23
1.740000000000000000e+03 1.103635908058174230e-23
1.741000000000000000e+03 1.112182649307898370e-23
1.742000000000000000e+03 9.787142078469837348e-24
1.743000000000000000e+03 9.745538717574909679e-24
1.744000000000000000e+03 1.064104532694529509e-23
1.745000000000000000e+03 9.902187157896480518e-24
1.746000000000000000e+03 1.025781027254190412e-23
1.747000000000000000e+03 9.864747860585886965e-24
1.748000000000000000e+03 9.735246149016112607e-24
1.749000000000000000e+03 1.032239167624732564e-23
1.750000000000000000e+03 9.457025920597895689e-24
1.751000000000000000e+03 9.622077085180821900e-24
1.752000000000000000e+03 9.515976373722985810e-24
1.753000000000000000e+03 9.316132983441240986e-24
1.754000000000000000e+03 9.390589107262544121e-24
1.755000000000000000e+03 9.177338325504903313e-24
1.756000000000000000e+03 9.479019480398629780e-24
1.757000000000000000e+03 8.465629610335331260e-24
1.758000000000000000e+03 7.926881174168727660e-24
1.759000000000000000e+03 8.091758621665386999e-24
1.760000000000000000e+03 8.223497526774416584e-24
1.761000000000000000e+03 7.678537474846839393e-24
1.762000000000000000e+03 7.207980382535535567e-24
1.763000000000000000e+03 7.372185261743921907e-24
1.764000000000000000e+03 7.669538046785477317e-24
1.765000000000000000e+03 7.610613111305558088e-24
1.766000000000000000e+03 7.574211799741368388e-24
1.767000000000000000e+03 7.262345603081536406e-24
1.768000000000000000e+03 7.282713663947421150e-24
1.769000000000000000e+03 6.765026012614761350e-24
1.770000000000000000e+03 6.358196182415681885e-24
1.771000000000000000e+03 6.575393613209812521e-24
1.772000000000000000e+03 6.410135758686621668e-24
1.773000000000000000e+03 6.258770368865921143e-24
1.774000000000000000e+03 6.816796393748558229e-24
1.775000000000000000e+03 6.614675495809936894e-24
1.776000000000000000e+03 6.386039704490561691e-24
1.777000000000000000e+03 6.435559310697354493e-24
1.778000000000000000e+03 7.016594426419332321e-24
1.779000000000000000e+03 6.953828519989194349e-24
1.780000000000000000e+03 5.705953427544157601e-24
1.781000000000000000e+03 5.102150736840394750e-24
1.782000000000000000e+03 5.113248444083388337e-24
1.783000000000000000e+03 5.473461914190647172e-24
1.784000000000000000e+03 5.556103721524968402e-24
1.785000000000000000e+03 5.474262262966969534e-24
1.786000000000000000e+03 5.627143335580869515e-24
1.787000000000000000e+03 5.237971253999804097e-24
1.788000000000000000e+03 4.564134255177445669e-24
1.789000000000000000e+03 4.589203542407117244e-24
1.790000000000000000e+03 5.029196986015508971e-24
1.791000000000000000e+03 4.576444152575041323e-24
1.792000000000000000e+03 4.206274091600564019e-24
1.793000000000000000e+03 4.549366458233680391e-24
1.794000000000000000e+03 4.444251926184096504e-24
1.795000000000000000e+03 4.507434726007965512e-24
1.796000000000000000e+03 4.296941358943984853e-24
1.797000000000000000e+03 4.259452929358720322e-24
1.798000000000000000e+03 4.054000950699743558e-24
1.799000000000000000e+03 4.141581029040910486e-24
1.800000000000000000e+03 4.006621000523950489e-24
1.801000000000000000e+03 4.041080823729600009e-24
1.802000000000000000e+03 3.645784091647518551e-24
1.803000000000000000e+03 3.684801047720571524e-24
1.804000000000000000e+03 4.277800088807732574e-24
1.805000000000000000e+03 4.070436842579672931e-24
1.806000000000000000e+03 3.869611681011217209e-24
1.807000000000000000e+03 3.636997811499083305e-24
1.808000000000000000e+03 3.635458099323911348e-24
1.809000000000000000e+03 3.894812325397210773e-24
1.810000000000000000e+03 3.812130454888690695e-24
1.811000000000000000e+03 3.306555460670765833e-24
1.812000000000000000e+03 3.098403814555495881e-24
1.813000000000000000e+03 3.015473157192904345e-24
1.814000000000000000e+03 3.148109342695447725e-24
1.815000000000000000e+03 3.313883240151038890e-24
1.816000000000000000e+03 3.362000655300368349e-24
1.817000000000000000e+03 3.104065340174255342e-24
1.818000000000000000e+03 2.916818832618282727e-24
1.819000000000000000e+03 2.976800250948885200e-24
1.820000000000000000e+03 2.884484291053440069e-24
1.821000000000000000e+03 2.872782673043348547e-24
1.822000000000000000e+03 3.103091571622862882e-24
1.823000000000000000e+03 2.590668705838944113e-24
1.824000000000000000e+03 2.496724224457796335e-24
1.825000000000000000e+03 2.763691816722935636e-24
1.826000000000000000e+03 2.800213940244973718e-24
1.827000000000000000e+03 2.817203894145413414e-24
1.828000000000000000e+03 2.448333120222588123e-24
1.829000000000000000e+03 2.445753845874142979e-24
1.830000000000000000e+03 2.342324218840444286e-24
1.831000000000000000e+03 2.220893909964104634e-24
1.832000000000000000e+03 2.498469497326729943e-24
1.833000000000000000e+03 2.264883052007220621e-24
1.834000000000000000e+03 2.278041407614432983e-24
1.835000000000000000e+03 2.107661090528502317e-24
1.836000000000000000e+03 2.067192243583799613e-24
1.837000000000000000e+03 2.087661295348249223e-24
1.838000000000000000e+03 2.004943597642970276e-24
1.839000000000000000e+03 2.113187605093455325e-24
1.840000000000000000e+03 2.081829347909578876e-24
1.841000000000000000e+03 2.026463696489620658e-24
1.842000000000000000e+03 2.193472959242031758e-24
1.843000000000000000e+03 2.235023388869058732e-24
1.844000000000000000e+03 1.946446360421724894e-24
1.845000000000000000e+03 1.836717322878381232e-24
1.846000000000000000e+03 1.847609304659740364e-24
1.847000000000000000e+03 1.632413047355126092e-24
1.848000000000000000e+03 1.675300325805667791e-24
1.849000000000000000e+03 1.621589447595471802e-24
1.850000000000000000e+03 1.691774868165952662e-24
1.851000000000000000e+03 1.476651638888668076e-24
1.852000000000000000e+03 1.456246542187826145e-24
1.853000000000000000e+03 1.482189957110284502e-24
1.854000000000000000e+03 1.579120186993023557e-24
1.855000000000000000e+03 1.544296501431856677e-24
1.856000000000000000e+03 1.683838607761072270e-24
1.857000000000000000e+03 1.767445094289461228e-24
1.858000000000000000e+03 1.722943221129204627e-24
1.859000000000000000e+03 1.485383752808623630e-24
1.860000000000000000e+03 1.347778769857470011e-24
1.861000000000000000e+03 1.335776435844003893e-24
1.862000000000000000e+03 1.235443891026698512e-24
1.863000000000000000e+03 1.295734522219217944e-24
1.864000000000000000e+03 1.408783862392090219e-24
1.865000000000000000e+03 1.414366733916761053e-24
1.866000000000000000e+03 1.203562451264620065e-24
1.867000000000000000e+03 1.210643703651649364e-24
1.868000000000000000e+03 1.299696997641671010e-24
1.869000000000000000e+03 1.065135150518901914e-24
1.870000000000000000e+03 1.070606937823530258e-24
1.871000000000000000e+03 1.155796974015279044e-24
1.872000000000000000e+03 1.130609271624619859e-24
1.873000000000000000e+03 1.113255355005289597e-24
1.874000000000000000e+03 1.115874998119006022e-24
1.875000000000000000e+03 1.178209411675788277e-24
1.876000000000000000e+03 1.202202140332316862e-24
1.877000000000000000e+03 1.153334855295853240e-24
1.878000000000000000e+03 1.080628732951274017e-24
1.879000000000000000e+03 1.057782515907185652e-24
1.880000000000000000e+03 1.003782455808743892e-24
1.881000000000000000e+03 1.013043051132708421e-24
1.882000000000000000e+03 1.013116533485669086e-24
1.883000000000000000e+03 9.692582531709172703e-25
1.884000000000000000e+03 9.125185406640363926e-25
1.885000000000000000e+03 8.597218885484626316e-25
1.886000000000000000e+03 8.300276842789063813e-25
1.887000000000000000e+03 8.234408356348134811e-25
1.888000000000000000e+03 9.035609908221775646e-25
1.889000000000000000e+03 8.926222868955696639e-25
1.890000000000000000e+03 7.120176526429457838e-25
1.891000000000000000e+03 8.294315009232499885e-25
1.892000000000000000e+03 8.255158848578631994e-25
1.893000000000000000e+03 7.596112116406131017e-25
1.894000000000000000e+03 7.469962853374829156e-25
1.895000000000000000e+03 7.046243695556879908e-25
1.896000000000000000e+03 7.350032377133577651e-25
1.897000000000000000e+03 7.078900174871087207e-25
1.898000000000000000e+03 7.458373110346410855e-25
1.899000000000000000e+03 7.308556509749965850e-25
1.900000000000000000e+03 7.218646326441853275e-25
1.901000000000000000e+03 7.705780309207502461e-25
1.902000000000000000e+03 7.595715093471407288e-25
1.903000000000000000e+03 6.356868758731857825e-25
1.904000000000000000e+03 6.563740248063055716e-25
1.905000000000000000e+03 6.380593505868762152e-25
1.906000000000000000e+03 5.854953721701181368e-25
1.907000000000000000e+03 5.639156756514604452e-25
1.908000000000000000e+03 6.421743453075211335e-25
1.909000000000000000e+03 6.134500785713028132e-25
1.910000000000000000e+03 5.662073596710694353e-25
1.911000000000000000e+03 5.606705971542632604e-25
1.912000000000000000e+03 5.973993016874977773e-25
1.913000000000000000e+03 6.376883200991596258e-25
1.914000000000000000e+03 5.586532999478315998e-25
1.915000000000000000e+03 5.249990021774136707e-25
1.916000000000000000e+03 6.141782268093734874e-25
1.917000000000000000e+03 5.863045372658378522e-25
1.918000000000000000e+03 5.578800183817661134e-25
1.919000000000000000e+03 5.789325047353949055e-25
1.920000000000000000e+03 5.425378026706869550e-25
1.921000000000000000e+03 6.226095862659511955e-25
1.922000000000000000e+03 1.630026325067071829e-24
1.923000000000000000e+03 4.466303619532958570e-24
1.924000000000000000e+03 4.738709944785720970e-24
1.925000000000000000e+03 2.619967853793363936e-24
1.926000000000000000e+03 4.541863132844103344e-24
1.927000000000000000e+03 3.311499446384297910e-24
1.928000000000000000e+03 1.263480022458928894e-24
1.929000000000000000e+03 8.596801303704603052e-25
1.930000000000000000e+03 5.242521550975218095e-25
1.931000000000000000e+03 7.795757693895656719e-25
1.932000000000000000e+03 3.876997700404370043e-24
1.933000000000000000e+03 4.356287466008273302e-24
1.934000000000000000e+03 1.205042242149081674e-24
1.935000000000000000e+03 4.472173712705619861e-25
1.936000000000000000e+03 4.506746862066126634e-25
1.937000000000000000e+03 4.279369409121319959e-25
1.938000000000000000e+03 4.442856241013996741e-25
1.939000000000000000e+03 6.346576755477304228e-25
1.940000000000000000e+03 3.796075005789577903e-24
1.941000000000000000e+03 1.145427353746914681e-23
1.942000000000000000e+03 1.047172024486037883e-23
1.943000000000000000e+03 4.544742165256676520e-24
1.944000000000000000e+03 8.297401476950930093e-25
1.945000000000000000e+03 5.654024432275476191e-25
1.946000000000000000e+03 1.310210261838776600e-24
1.947000000000000000e+03 1.640030734524892124e-24
1.948000000000000000e+03 6.695243353698529219e-25
1.949000000000000000e+03 3.630655382486485406e-25
1.950000000000000000e+03 3.537397492684967680e-25
1.951000000000000000e+03 3.184817591463466438e-25
1.952000000000000000e+03 3.372166507765210647e-25
1.953000000000000000e+03 6.273640974295673893e-25
1.954000000000000000e+03 2.667116212008524176e-24
1.955000000000000000e+03 3.767908875961807228e-24
1.956000000000000000e+03 5.060420951517823302e-24
1.957000000000000000e+03 3.682493282126161645e-24
1.958000000000000000e+03 2.709895367532957171e-24
1.959000000000000000e+03 2.587312410682173313e-24
1.960000000000000000e+03 1.352449913241023390e-24
1.961000000000000000e+03 2.984322973027330078e-25
1.962000000000000000e+03 2.956670605745671201e-25
1.963000000000000000e+03 2.685208696941231679e-25
1.964000000000000000e+03 2.609623479884241617e-25
1.965000000000000000e+03 2.730265440504901918e-25
1.966000000000000000e+03 2.782566701359188133e-25
1.967000000000000000e+03 2.691395609483547390e-25
1.968000000000000000e+03 2.541711398743454843e-25
1.969000000000000000e+03 2.481123237511810880e-25
1.970000000000000000e+03 2.852867760516485956e-25
1.971000000000000000e+03 3.350272967058086857e-25
1.972000000000000000e+03 2.645261390878704582e-25
1.973000000000000000e+03 2.448629330002945641e-25
1.974000000000000000e+03 2.238658841706973540e-25
1.975000000000000000e+03 2.038540182824025296e-25
1.976000000000000000e+03 2.040360934081320135e-25
1.977000000000000000e+03 2.127082210909585422e-25
1.978000000000000000e+03 2.280513537083157722e-25
1.979000000000000000e+03 2.282098917486040801e-25
1.980000000000000000e+03 2.389290083667678357e-25
1.981000000000000000e+03 2.310252103778895135e-25
1.982000000000000000e+03 2.020308646726502204e-25
1.983000000000000000e+03 1.954220182750939210e-25
1.984000000000000000e+03 1.926316275582048524e-25
1.985000000000000000e+03 1.971287368925175306e-25
1.986000000000000000e+03 2.053103432275888522e-25
1.987000000000000000e+03 1.813609467437260948e-25
1.988000000000000000e+03 1.820429006723877805e-25
1.989000000000000000e+03 1.858520260788610968e-25
1.990000000000000000e+03 1.830853685683473671e-25
1.991000000000000000e+03 1.792981853942488887e-25
1.992000000000000000e+03 1.639217495460329873e-25
1.993000000000000000e+03 1.722004461751106609e-25
1.994000000000000000e+03 1.685378391572585591e-25
1.995000000000000000e+03 1.696276303457530624e-25
1.996000000000000000e+03 1.782247443053031417e-25
1.997000000000000000e+03 1.768689053638684959e-25
1.998000000000000000e+03 1.809591135526082885e-25
1.999000000000000000e+03 1.644235462813015175e-25
2.000000000000000000e+03 1.598780860588165389e-25
2.001000000000000000e+03 1.582266430576792015e-25
2.002000000000000000e+03 1.450465971581011892e-25
2.003000000000000000e+03 1.560646287179184090e-25
2.004000000000000000e+03 1.601507719428246801e-25
2.005000000000000000e+03 1.502052545481978457e-25
2.006000000000000000e+03 1.335244797704779274e-25
2.007000000000000000e+03 1.238580395116041159e-25
2.008000000000000000e+03 1.227776073429336666e-25
2.009000000000000000e+03 1.340248300837745131e-25
2.010000000000000000e+03 1.433345922174082680e-25
2.011000000000000000e+03 1.349519232971747287e-25
2.012000000000000000e+03 1.263557211369634272e-25
2.013000000000000000e+03 1.461620222438676945e-25
2.014000000000000000e+03 1.475364258449025125e-25
2.015000000000000000e+03 1.276925649746877856e-25
2.016000000000000000e+03 1.363282874456429798e-25
2.017000000000000000e+03 1.370877151913116581e-25
2.018000000000000000e+03 1.360733639622569289e-25
2.019000000000000000e+03 1.243033636496985842e-25
2.020000000000000000e+03 1.403859444968869056e-25
2.021000000000000000e+03 1.337615344171129675e-25
2.022000000000000000e+03 1.415309677244201619e-25
2.023000000000000000e+03 1.385337775098610179e-25
2.024000000000000000e+03 1.263615910960141697e-25
2.025000000000000000e+03 1.085697101097506526e-25
2.026000000000000000e+03 1.266288384874339850e-25
2.027000000000000000e+03 1.197500811821823847e-25
2.028000000000000000e+03 1.126319426348813299e-25
2.029000000000000000e+03 1.174604692205325601e-25
2.030000000000000000e+03 1.117632200827659439e-25
2.031000000000000000e+03 1.094162098198072218e-25
2.032000000000000000e+03 1.018781520074423941e-25
2.033000000000000000e+03 1.096801465737713524e-25
2.034000000000000000e+03 1.198266038253621985e-25
2.035000000000000000e+03 1.268822789927780729e-25
2.036000000000000000e+03 1.129193676900038394e-25
2.037000000000000000e+03 1.097685994845109467e-25
2.038000000000000000e+03 1.120284242042991047e-25
2.039000000000000000e+03 1.169929174127884077e-25
2.040000000000000000e+03 1.143640230554680740e-25
2.041000000000000000e+03 1.238496436208756493e-25
2.042000000000000000e+03 1.215574512614740301e-25
2.043000000000000000e+03 1.062250382516507076e-25
2.044000000000000000e+03 1.082681566082904345e-25
2.045000000000000000e+03 1.173355124333053368e-25
2.046000000000000000e+03 1.154653749997543482e-25
2.047000000000000000e+03 1.199800134295562456e-25
2.048000000000000000e+03 1.204327094575646240e-25
