# freq_Hz  coherence_H1L1
0.000000000000000000e+00 1.071717973782618065e-02
1.000000000000000000e+00 1.155909172010869193e-02
2.000000000000000000e+00 2.888169655645167130e-02
3.000000000000000000e+00 1.201323334869601987e-02
4.000000000000000000e+00 2.401536933915722830e-02
5.000000000000000000e+00 7.251610987265512745e-03
6.000000000000000000e+00 1.104149496285061587e-02
7.000000000000000000e+00 1.627359365102577782e-02
8.000000000000000000e+00 4.415801700118189566e-03
9.000000000000000000e+00 1.160955538928057189e-02
1.000000000000000000e+01 1.210568555953351298e-02
1.100000000000000000e+01 2.185334830303842756e-03
1.200000000000000000e+01 5.190766666499715964e-03
1.300000000000000000e+01 5.638028026222563840e-03
1.400000000000000000e+01 1.511644382402459880e-03
1.500000000000000000e+01 1.166179206600719432e-03
1.600000000000000000e+01 6.819857145690556323e-03
1.700000000000000000e+01 1.109722808015032799e-02
1.800000000000000000e+01 8.285455642513542968e-03
1.900000000000000000e+01 5.812293663215064438e-02
2.000000000000000000e+01 1.963244877724744722e-03
2.100000000000000000e+01 6.123482491567783410e-03
2.200000000000000000e+01 3.181979328658993177e-04
2.300000000000000000e+01 8.351892147896852400e-03
2.400000000000000000e+01 7.971425745300151754e-04
2.500000000000000000e+01 1.385427095218650295e-03
2.600000000000000000e+01 1.082397844968697662e-02
2.700000000000000000e+01 6.189287181008969879e-03
2.800000000000000000e+01 4.378356230124585101e-03
2.900000000000000000e+01 1.500589771837153828e-02
3.000000000000000000e+01 3.928107589956352994e-03
3.100000000000000000e+01 2.095996559483211466e-02
3.200000000000000000e+01 5.947973518067361859e-04
3.300000000000000000e+01 1.594347948561430917e-02
3.400000000000000000e+01 1.450782752181231372e-01
3.500000000000000000e+01 1.152079517959870777e-02
3.600000000000000000e+01 6.890306862313355651e-02
3.700000000000000000e+01 5.941898263065138047e-02
3.800000000000000000e+01 8.426621551470996063e-02
3.900000000000000000e+01 5.187701506377018906e-02
4.000000000000000000e+01 1.344051807077277678e-02
4.100000000000000000e+01 1.184293817873118340e-02
4.200000000000000000e+01 6.643259902749078065e-03
4.300000000000000000e+01 5.533529734135608780e-03
4.400000000000000000e+01 5.162201474135854652e-03
4.500000000000000000e+01 1.038675225126020098e-02
4.600000000000000000e+01 3.106988564979981833e-03
4.700000000000000000e+01 1.665685687418843458e-02
4.800000000000000000e+01 3.188663531009469036e-03
4.900000000000000000e+01 3.879523951662178921e-02
5.000000000000000000e+01 7.455868588310572177e-03
5.100000000000000000e+01 2.731728758977538737e-02
5.200000000000000000e+01 7.112094444360745477e-03
5.300000000000000000e+01 8.908245847955879523e-03
5.400000000000000000e+01 1.310592773585057651e-02
5.500000000000000000e+01 1.054996688097647149e-02
5.600000000000000000e+01 3.708820200947637175e-02
5.700000000000000000e+01 3.013290273643061401e-02
5.800000000000000000e+01 6.093745747856062472e-04
5.900000000000000000e+01 9.264989785742627770e-01
6.000000000000000000e+01 9.594825629713671367e-01
6.100000000000000000e+01 9.424250148542208105e-01
6.200000000000000000e+01 2.815734968672831476e-02
6.300000000000000000e+01 9.558079344725432802e-03
6.400000000000000000e+01 2.054165793965988598e-02
6.500000000000000000e+01 4.736084791147554540e-02
6.600000000000000000e+01 1.268208533708728436e-02
6.700000000000000000e+01 5.928667306252750034e-03
6.800000000000000000e+01 1.465452998364315381e-03
6.900000000000000000e+01 1.109251895917867832e-02
7.000000000000000000e+01 2.606973648900813133e-03
7.100000000000000000e+01 4.446737834026939611e-03
7.200000000000000000e+01 3.614299314850048773e-04
7.300000000000000000e+01 2.585077505957251998e-02
7.400000000000000000e+01 3.020251268143155782e-02
7.500000000000000000e+01 5.506032809139577502e-03
7.600000000000000000e+01 1.273166631698659235e-02
7.700000000000000000e+01 1.037107768306265616e-03
7.800000000000000000e+01 1.276732382416810932e-02
7.900000000000000000e+01 4.218326391518974899e-03
8.000000000000000000e+01 4.571691619278655389e-02
8.100000000000000000e+01 2.485797701362389006e-02
8.200000000000000000e+01 2.544676680167859591e-04
8.300000000000000000e+01 1.622278826990288317e-03
8.400000000000000000e+01 7.515294033400742729e-03
8.500000000000000000e+01 6.862335042425551923e-02
8.600000000000000000e+01 3.695117016773640656e-02
8.700000000000000000e+01 2.193198276626936571e-03
8.800000000000000000e+01 8.264177418272056468e-04
8.900000000000000000e+01 2.588662386363097586e-03
9.000000000000000000e+01 3.778545603311465797e-03
9.100000000000000000e+01 4.352973786161912044e-03
9.200000000000000000e+01 9.828759663639004274e-03
9.300000000000000000e+01 1.162917299826388313e-02
9.400000000000000000e+01 1.207337427385924387e-02
9.500000000000000000e+01 2.899497030637217601e-03
9.600000000000000000e+01 4.044596274190636470e-03
9.700000000000000000e+01 1.123996784424224037e-02
9.800000000000000000e+01 6.708650091701965495e-03
9.900000000000000000e+01 1.451582825999052882e-02
1.000000000000000000e+02 8.614947829679784480e-03
1.010000000000000000e+02 8.493532644632795225e-02
1.020000000000000000e+02 3.929729805340437948e-02
1.030000000000000000e+02 1.852599530121868624e-03
1.040000000000000000e+02 1.836086339509690121e-02
1.050000000000000000e+02 2.529874150635348651e-02
1.060000000000000000e+02 3.393119511636343011e-02
1.070000000000000000e+02 1.771374729930546427e-02
1.080000000000000000e+02 4.834890771399653897e-03
1.090000000000000000e+02 1.606941799025598042e-02
1.100000000000000000e+02 4.320376922191793319e-03
1.110000000000000000e+02 5.489353096448044630e-03
1.120000000000000000e+02 9.169012935699241001e-03
1.130000000000000000e+02 3.300135134454180302e-02
1.140000000000000000e+02 5.833954412322585499e-03
1.150000000000000000e+02 4.394155816699989712e-04
1.160000000000000000e+02 4.053124556889556133e-03
1.170000000000000000e+02 4.312290930914602916e-02
1.180000000000000000e+02 6.166192582453270538e-02
1.190000000000000000e+02 8.330507902149434166e-03
1.200000000000000000e+02 1.166676305086100929e-01
1.210000000000000000e+02 4.364385959313157176e-02
1.220000000000000000e+02 2.480337244098667140e-02
1.230000000000000000e+02 7.750200608560643689e-02
1.240000000000000000e+02 5.282558794336794650e-02
1.250000000000000000e+02 8.219906247342203057e-03
1.260000000000000000e+02 3.495616205414218275e-02
1.270000000000000000e+02 3.430915455221907745e-02
1.280000000000000000e+02 7.155360771639515671e-02
1.290000000000000000e+02 1.353944505914943947e-02
1.300000000000000000e+02 1.428281871100619584e-02
1.310000000000000000e+02 4.033500593616635641e-03
1.320000000000000000e+02 1.473957291883498839e-02
1.330000000000000000e+02 9.318225698625145006e-03
1.340000000000000000e+02 9.558930273204181705e-03
1.350000000000000000e+02 4.133869680441669241e-04
1.360000000000000000e+02 3.525244929952760231e-02
1.370000000000000000e+02 3.126259907696234304e-03
1.380000000000000000e+02 9.807301605058320326e-03
1.390000000000000000e+02 1.094003389190385291e-03
1.400000000000000000e+02 4.409288036464567573e-02
1.410000000000000000e+02 3.480289841261718919e-02
1.420000000000000000e+02 1.041269395322937975e-02
1.430000000000000000e+02 1.715950954993109706e-03
1.440000000000000000e+02 4.611484270094918549e-03
1.450000000000000000e+02 4.178380069797322962e-04
1.460000000000000000e+02 5.044112967459417167e-03
1.470000000000000000e+02 3.563836059918532072e-04
1.480000000000000000e+02 9.892210291296891361e-03
1.490000000000000000e+02 6.837714333273886731e-03
1.500000000000000000e+02 5.302538809104206247e-03
1.510000000000000000e+02 3.520440006499638702e-02
1.520000000000000000e+02 1.399757730531850722e-02
1.530000000000000000e+02 1.633762660244287429e-02
1.540000000000000000e+02 1.669477276885906677e-02
1.550000000000000000e+02 6.635015691562082089e-03
1.560000000000000000e+02 2.746859227173929427e-02
1.570000000000000000e+02 1.942490189645141793e-02
1.580000000000000000e+02 3.017140924892469222e-03
1.590000000000000000e+02 1.978795562915675217e-03
1.600000000000000000e+02 4.574391397170919638e-02
1.610000000000000000e+02 2.117350387954054086e-02
1.620000000000000000e+02 2.553129960927470309e-03
1.630000000000000000e+02 2.148331333844957433e-02
1.640000000000000000e+02 1.621437033790879001e-02
1.650000000000000000e+02 7.247984797854294635e-03
1.660000000000000000e+02 5.626011923696469345e-03
1.670000000000000000e+02 2.873137666052648712e-02
1.680000000000000000e+02 1.895896376860782551e-02
1.690000000000000000e+02 9.739361581000869142e-03
1.700000000000000000e+02 1.046183773018982861e-02
1.710000000000000000e+02 2.087313141501669078e-02
1.720000000000000000e+02 1.952650142471454298e-02
1.730000000000000000e+02 1.396272787827799663e-02
1.740000000000000000e+02 1.084223784137686858e-02
1.750000000000000000e+02 1.677790735737229658e-02
1.760000000000000000e+02 2.778880370894227722e-02
1.770000000000000000e+02 1.217267862583593053e-03
1.780000000000000000e+02 2.640000070847813712e-02
1.790000000000000000e+02 6.148390428547766406e-01
1.800000000000000000e+02 8.589321413879207334e-01
1.810000000000000000e+02 7.025863285202526010e-01
1.820000000000000000e+02 1.077616296718232614e-02
1.830000000000000000e+02 4.141558196956766046e-03
1.840000000000000000e+02 3.049960072668294123e-02
1.850000000000000000e+02 2.652267779537178724e-02
1.860000000000000000e+02 3.313399011411127110e-02
1.870000000000000000e+02 1.319182694825643543e-02
1.880000000000000000e+02 5.310403904285836531e-04
1.890000000000000000e+02 6.860694526617458489e-03
1.900000000000000000e+02 1.260876812451199730e-02
1.910000000000000000e+02 4.918387261603731492e-02
1.920000000000000000e+02 2.445104421281484378e-02
1.930000000000000000e+02 1.239504848279781267e-02
1.940000000000000000e+02 5.605173820012498281e-02
1.950000000000000000e+02 9.317930112860986491e-03
1.960000000000000000e+02 1.890176356594522496e-03
1.970000000000000000e+02 9.549555542954581838e-03
1.980000000000000000e+02 2.390488712818444883e-02
1.990000000000000000e+02 8.179036310693885148e-02
2.000000000000000000e+02 1.611964091443186115e-02
2.010000000000000000e+02 1.909761324821082976e-02
2.020000000000000000e+02 1.554990386923268270e-02
2.030000000000000000e+02 1.261016851550962256e-02
2.040000000000000000e+02 5.599192790920518720e-02
2.050000000000000000e+02 1.661637318157898821e-02
2.060000000000000000e+02 3.805026400303501005e-02
2.070000000000000000e+02 5.606652426869888906e-02
2.080000000000000000e+02 7.407326673991889744e-03
2.090000000000000000e+02 1.484185224375915695e-03
2.100000000000000000e+02 3.100076433093831851e-02
2.110000000000000000e+02 3.240047442233778829e-02
2.120000000000000000e+02 3.708380354650547134e-02
2.130000000000000000e+02 1.118459868412346493e-02
2.140000000000000000e+02 8.648916182972286176e-03
2.150000000000000000e+02 4.544604526974076186e-02
2.160000000000000000e+02 9.265194740021603925e-03
2.170000000000000000e+02 1.246733557696541941e-02
2.180000000000000000e+02 8.907168354237106692e-03
2.190000000000000000e+02 2.642308884466937086e-03
2.200000000000000000e+02 3.257347256566229393e-02
2.210000000000000000e+02 5.249731361389720768e-03
2.220000000000000000e+02 6.102396196654534186e-03
2.230000000000000000e+02 1.769207658742614694e-02
2.240000000000000000e+02 3.139898197821741621e-02
2.250000000000000000e+02 4.189365881286231247e-02
2.260000000000000000e+02 2.156624363293189670e-02
2.270000000000000000e+02 3.809247815619598750e-03
2.280000000000000000e+02 5.502780293923039854e-04
2.290000000000000000e+02 1.517416795010073129e-02
2.300000000000000000e+02 9.564409593691652542e-03
2.310000000000000000e+02 1.971832826148186939e-03
2.320000000000000000e+02 6.037831939990601429e-03
2.330000000000000000e+02 2.668691391596885246e-02
2.340000000000000000e+02 1.581736640377662609e-02
2.350000000000000000e+02 2.823132728013781536e-03
2.360000000000000000e+02 2.237134121843850632e-02
2.370000000000000000e+02 5.385624260497769156e-02
2.380000000000000000e+02 5.435531747087146009e-03
2.390000000000000000e+02 2.731669436769999446e-03
2.400000000000000000e+02 2.285569744691147084e-02
2.410000000000000000e+02 6.370140753353172036e-02
2.420000000000000000e+02 4.211120503214413335e-02
2.430000000000000000e+02 5.248592553610669648e-02
2.440000000000000000e+02 7.725006140455072112e-02
2.450000000000000000e+02 4.774920993805402414e-02
2.460000000000000000e+02 6.288554259429082749e-02
2.470000000000000000e+02 4.345774795256176354e-02
2.480000000000000000e+02 9.580555208888806573e-03
2.490000000000000000e+02 3.493677280278578018e-02
2.500000000000000000e+02 2.019579271219969219e-02
2.510000000000000000e+02 5.112839850155354200e-03
2.520000000000000000e+02 7.606532064409382392e-03
2.530000000000000000e+02 2.589092445093267927e-02
2.540000000000000000e+02 6.596276078025467560e-02
2.550000000000000000e+02 2.503054141987847564e-02
2.560000000000000000e+02 6.533126380609752260e-03
2.570000000000000000e+02 1.019126552284187540e-02
2.580000000000000000e+02 5.941444679774872395e-03
2.590000000000000000e+02 4.387612910753438747e-03
2.600000000000000000e+02 5.729328144079918680e-03
2.610000000000000000e+02 1.331110976169100346e-02
2.620000000000000000e+02 1.899881205875856433e-02
2.630000000000000000e+02 7.357881771284431431e-03
2.640000000000000000e+02 4.421303466574481866e-03
2.650000000000000000e+02 2.784293729264269296e-02
2.660000000000000000e+02 1.768801330074895872e-01
2.670000000000000000e+02 3.086934480674570144e-02
2.680000000000000000e+02 1.496604565159728902e-02
2.690000000000000000e+02 5.246564643949798434e-02
2.700000000000000000e+02 4.308769163381952899e-02
2.710000000000000000e+02 1.521905365557338005e-02
2.720000000000000000e+02 6.009726339369825254e-02
2.730000000000000000e+02 2.561236496623003900e-02
2.740000000000000000e+02 1.965106320689067113e-02
2.750000000000000000e+02 4.562398510057985926e-03
2.760000000000000000e+02 5.744870404609508235e-03
2.770000000000000000e+02 2.723621697665739097e-02
2.780000000000000000e+02 3.700624650266688600e-03
2.790000000000000000e+02 6.204454515954876959e-02
2.800000000000000000e+02 4.979074185632914422e-03
2.810000000000000000e+02 9.431927573435239937e-03
2.820000000000000000e+02 6.378310075340233067e-03
2.830000000000000000e+02 6.309579896315270324e-03
2.840000000000000000e+02 2.739964289046701792e-02
2.850000000000000000e+02 1.093294618169904225e-01
2.860000000000000000e+02 1.830066463096445897e-02
2.870000000000000000e+02 3.442596371346040574e-02
2.880000000000000000e+02 1.688165656658309130e-02
2.890000000000000000e+02 7.403266219864862788e-03
2.900000000000000000e+02 3.478422881774893838e-02
2.910000000000000000e+02 9.929493754747420117e-03
2.920000000000000000e+02 1.170769643458955712e-02
2.930000000000000000e+02 3.873779102003528652e-02
2.940000000000000000e+02 4.676712149076734520e-02
2.950000000000000000e+02 1.029272255425825976e-02
2.960000000000000000e+02 5.900509276805601840e-03
2.970000000000000000e+02 4.267412228980253970e-03
2.980000000000000000e+02 1.228020532635794478e-02
2.990000000000000000e+02 6.032003341831001370e-02
3.000000000000000000e+02 1.070618579944580817e-01
3.010000000000000000e+02 5.691996161608329358e-02
3.020000000000000000e+02 1.475758943446621365e-03
3.030000000000000000e+02 6.373494049933412821e-03
3.040000000000000000e+02 6.973106118989694582e-03
3.050000000000000000e+02 3.673388991584144742e-03
3.060000000000000000e+02 6.067577003863949305e-03
3.070000000000000000e+02 5.504714663633689109e-02
3.080000000000000000e+02 6.419073121800791815e-02
3.090000000000000000e+02 3.942548816516935374e-03
3.100000000000000000e+02 5.100691242790516070e-04
3.110000000000000000e+02 1.110447168342629069e-02
3.120000000000000000e+02 4.656660168558669766e-02
3.130000000000000000e+02 2.865704100098473948e-03
3.140000000000000000e+02 1.662248284861499040e-03
3.150000000000000000e+02 1.906997969754406844e-02
3.160000000000000000e+02 2.182735720735514556e-02
3.170000000000000000e+02 1.673496363381612659e-02
3.180000000000000000e+02 4.892078964589181844e-02
3.190000000000000000e+02 2.126616436934286938e-02
3.200000000000000000e+02 1.503780845613137155e-03
3.210000000000000000e+02 5.804953567516356674e-03
3.220000000000000000e+02 2.597006597217128409e-03
3.230000000000000000e+02 1.450622487205601753e-02
3.240000000000000000e+02 8.515505824996813522e-03
3.250000000000000000e+02 9.559147542928099440e-04
3.260000000000000000e+02 2.144231211935112170e-03
3.270000000000000000e+02 1.719075820896889340e-03
3.280000000000000000e+02 1.261236252853119126e-02
3.290000000000000000e+02 5.633746687161902966e-02
3.300000000000000000e+02 3.062636466480084252e-03
3.310000000000000000e+02 2.635806699957301408e-04
3.320000000000000000e+02 1.303986319667741801e-04
3.330000000000000000e+02 3.828336754601117595e-03
3.340000000000000000e+02 9.723337435206745941e-03
3.350000000000000000e+02 4.247666997913459447e-02
3.360000000000000000e+02 5.860756063076733718e-02
3.370000000000000000e+02 1.234317750809539507e-03
3.380000000000000000e+02 1.757805453678530985e-02
3.390000000000000000e+02 7.512222845088156612e-04
3.400000000000000000e+02 1.278050301223084689e-02
3.410000000000000000e+02 1.913200788258303045e-02
3.420000000000000000e+02 3.846259052565300512e-02
3.430000000000000000e+02 3.006237835984773912e-02
3.440000000000000000e+02 2.184042519891301205e-03
3.450000000000000000e+02 1.499642886872026154e-02
3.460000000000000000e+02 2.826642188905202982e-03
3.470000000000000000e+02 1.309973959421199818e-02
3.480000000000000000e+02 1.055724997495770395e-01
3.490000000000000000e+02 5.025840296724533307e-02
3.500000000000000000e+02 5.094228817044214874e-02
3.510000000000000000e+02 2.023845732432977794e-03
3.520000000000000000e+02 3.555910890649479749e-03
3.530000000000000000e+02 7.795570670423025185e-03
3.540000000000000000e+02 1.149913365907539141e-02
3.550000000000000000e+02 2.206948195348274367e-04
3.560000000000000000e+02 2.850225071039887582e-03
3.570000000000000000e+02 2.480154182448052365e-03
3.580000000000000000e+02 9.135346021440894984e-03
3.590000000000000000e+02 2.076671794137784164e-03
3.600000000000000000e+02 1.534837265478657467e-02
3.610000000000000000e+02 3.798558987737486476e-03
3.620000000000000000e+02 1.606992907102307994e-02
3.630000000000000000e+02 2.441833884848422162e-02
3.640000000000000000e+02 1.086926019126994991e-02
3.650000000000000000e+02 5.867466143063410078e-02
3.660000000000000000e+02 8.333214659726341511e-02
3.670000000000000000e+02 2.205336445979308446e-02
3.680000000000000000e+02 1.895854870026044553e-02
3.690000000000000000e+02 4.269314447614534769e-02
3.700000000000000000e+02 3.611124752808953908e-03
3.710000000000000000e+02 6.389230557076754080e-02
3.720000000000000000e+02 3.646434113587646714e-02
3.730000000000000000e+02 3.530397555363487408e-04
3.740000000000000000e+02 4.828048502319377648e-03
3.750000000000000000e+02 3.337946877161118535e-03
3.760000000000000000e+02 3.870806243278477623e-04
3.770000000000000000e+02 1.274710448472628557e-02
3.780000000000000000e+02 2.701001675645979538e-02
3.790000000000000000e+02 1.968943708632544393e-02
3.800000000000000000e+02 4.678685101685163029e-03
3.810000000000000000e+02 2.279547256096274566e-02
3.820000000000000000e+02 8.374402132607233762e-03
3.830000000000000000e+02 1.631490235490057773e-03
3.840000000000000000e+02 2.630956568415746682e-02
3.850000000000000000e+02 5.057961900017692719e-02
3.860000000000000000e+02 1.553203026634293257e-02
3.870000000000000000e+02 2.468310442048915476e-02
3.880000000000000000e+02 3.282295067568624658e-02
3.890000000000000000e+02 2.604144509114891121e-02
3.900000000000000000e+02 7.485841079576744522e-03
3.910000000000000000e+02 2.769873961904949851e-04
3.920000000000000000e+02 8.271766724278649592e-05
3.930000000000000000e+02 3.110610413170455599e-02
3.940000000000000000e+02 3.536339229295776699e-03
3.950000000000000000e+02 2.656768396540799826e-02
3.960000000000000000e+02 1.015056494368099483e-03
3.970000000000000000e+02 2.568465163196622172e-02
3.980000000000000000e+02 1.429280266919175134e-04
3.990000000000000000e+02 8.380544683131012015e-03
4.000000000000000000e+02 1.706952650676246686e-02
4.010000000000000000e+02 3.840241934749569902e-02
4.020000000000000000e+02 1.660636095074429289e-02
4.030000000000000000e+02 7.526974868511874042e-03
4.040000000000000000e+02 4.056828701814499914e-03
4.050000000000000000e+02 5.343087543258819017e-02
4.060000000000000000e+02 1.097604144226106519e-02
4.070000000000000000e+02 2.642088435666801668e-02
4.080000000000000000e+02 9.195725419612945165e-03
4.090000000000000000e+02 3.168464654875890237e-03
4.100000000000000000e+02 3.254447813929277344e-02
4.110000000000000000e+02 2.145686422813981864e-02
4.120000000000000000e+02 4.006245676512137184e-04
4.130000000000000000e+02 1.141578990758623964e-02
4.140000000000000000e+02 5.117270438291781492e-03
4.150000000000000000e+02 1.151904164194502388e-02
4.160000000000000000e+02 1.837710600223168775e-02
4.170000000000000000e+02 4.372459521770108437e-02
4.180000000000000000e+02 2.599771189787461467e-02
4.190000000000000000e+02 6.367837845196188534e-03
4.200000000000000000e+02 2.636307836940591977e-03
4.210000000000000000e+02 1.113471353521822658e-02
4.220000000000000000e+02 3.607406205770626040e-02
4.230000000000000000e+02 4.499818315735361340e-02
4.240000000000000000e+02 6.175970133397093442e-02
4.250000000000000000e+02 1.677509112268474323e-02
4.260000000000000000e+02 3.903395811800076422e-03
4.270000000000000000e+02 5.451876478552916509e-03
4.280000000000000000e+02 2.726205043624442548e-02
4.290000000000000000e+02 7.237431537110470582e-03
4.300000000000000000e+02 1.629930565075632734e-02
4.310000000000000000e+02 3.885486177405392955e-02
4.320000000000000000e+02 4.319674595160119014e-03
4.330000000000000000e+02 7.359747050289312462e-03
4.340000000000000000e+02 9.599535976730533444e-04
4.350000000000000000e+02 1.269782082384740551e-02
4.360000000000000000e+02 3.752915407566055021e-03
4.370000000000000000e+02 4.139327086360804209e-02
4.380000000000000000e+02 2.949128480636562660e-02
4.390000000000000000e+02 3.675373037312620883e-03
4.400000000000000000e+02 4.370895982222599120e-04
4.410000000000000000e+02 1.002352440843193998e-02
4.420000000000000000e+02 7.714820387999133527e-03
4.430000000000000000e+02 4.467382276993496493e-03
4.440000000000000000e+02 8.436198722329424360e-03
4.450000000000000000e+02 1.996430281162760514e-02
4.460000000000000000e+02 1.552134674394015090e-02
4.470000000000000000e+02 1.599049181004328843e-02
4.480000000000000000e+02 3.467942269458147708e-02
4.490000000000000000e+02 1.160200640122995962e-03
4.500000000000000000e+02 2.640759299476290803e-02
4.510000000000000000e+02 6.218031850371163322e-02
4.520000000000000000e+02 1.805551048681843657e-02
4.530000000000000000e+02 1.585257551415277660e-02
4.540000000000000000e+02 1.044675947541032039e-02
4.550000000000000000e+02 1.352316726683241814e-02
4.560000000000000000e+02 5.869685024512836559e-03
4.570000000000000000e+02 4.001663453341827020e-02
4.580000000000000000e+02 1.045549722996303409e-02
4.590000000000000000e+02 8.784394089581417861e-03
4.600000000000000000e+02 2.934686443596400216e-03
4.610000000000000000e+02 4.920120653626520145e-03
4.620000000000000000e+02 9.288841137492124395e-03
4.630000000000000000e+02 1.303791311434682534e-02
4.640000000000000000e+02 1.423010814489369946e-02
4.650000000000000000e+02 2.845886044733463363e-02
4.660000000000000000e+02 3.696852485506488956e-02
4.670000000000000000e+02 2.201206686517835978e-02
4.680000000000000000e+02 2.278531857437856439e-02
4.690000000000000000e+02 1.321855431048606956e-02
4.700000000000000000e+02 1.129636801789790125e-02
4.710000000000000000e+02 1.491741810017135211e-02
4.720000000000000000e+02 1.025128007999852450e-03
4.730000000000000000e+02 2.338017197770054373e-02
4.740000000000000000e+02 1.907117171153507179e-02
4.750000000000000000e+02 9.044435441459414138e-03
4.760000000000000000e+02 2.117333755339183884e-03
4.770000000000000000e+02 5.555704287939463356e-04
4.780000000000000000e+02 9.898614047267133807e-04
4.790000000000000000e+02 2.856668114925702343e-03
4.800000000000000000e+02 5.705551958042655303e-03
4.810000000000000000e+02 9.693083463681318943e-03
4.820000000000000000e+02 1.477307008291875619e-03
4.830000000000000000e+02 9.411142580225335605e-03
4.840000000000000000e+02 6.750168099439654394e-03
4.850000000000000000e+02 4.231012831734910773e-02
4.860000000000000000e+02 1.227132434659144664e-02
4.870000000000000000e+02 2.009895770027869850e-03
4.880000000000000000e+02 2.158273245633637177e-03
4.890000000000000000e+02 2.823479785376492926e-02
4.900000000000000000e+02 7.504938116214106281e-02
4.910000000000000000e+02 8.785521828379902996e-04
4.920000000000000000e+02 6.334878882306301320e-03
4.930000000000000000e+02 1.731206764073476255e-03
4.940000000000000000e+02 1.618921675795982965e-02
4.950000000000000000e+02 4.192692536527949793e-02
4.960000000000000000e+02 3.774468586157522787e-02
4.970000000000000000e+02 1.195786476324119585e-03
4.980000000000000000e+02 3.184194484085740157e-02
4.990000000000000000e+02 7.705399277942717728e-02
5.000000000000000000e+02 3.256316459973843114e-01
5.010000000000000000e+02 1.985154152146543782e-01
5.020000000000000000e+02 7.595770798236425913e-04
5.030000000000000000e+02 5.644780250990277267e-05
5.040000000000000000e+02 2.749406236315266212e-03
5.050000000000000000e+02 1.917116745007409672e-04
5.060000000000000000e+02 1.218201291878144056e-02
5.070000000000000000e+02 1.111554774366361152e-02
5.080000000000000000e+02 8.411284860775797447e-06
5.090000000000000000e+02 5.238976850896797689e-03
5.100000000000000000e+02 1.216655367663482291e-02
5.110000000000000000e+02 1.555950191287875511e-02
5.120000000000000000e+02 1.362289056499299544e-02
5.130000000000000000e+02 1.897010935379090865e-02
5.140000000000000000e+02 1.089380229608208871e-02
5.150000000000000000e+02 1.576987756068657862e-02
5.160000000000000000e+02 4.774921828609882818e-02
5.170000000000000000e+02 1.125436013810506355e-02
5.180000000000000000e+02 3.086301301659797030e-03
5.190000000000000000e+02 2.016649266785338138e-02
5.200000000000000000e+02 4.476482999931685053e-02
5.210000000000000000e+02 1.677747379051473852e-03
5.220000000000000000e+02 9.384319434121624406e-03
5.230000000000000000e+02 3.097153941470641957e-03
5.240000000000000000e+02 7.159656955066979848e-03
5.250000000000000000e+02 2.874466313944230855e-02
5.260000000000000000e+02 3.063230997721380633e-02
5.270000000000000000e+02 2.360184056479766590e-02
5.280000000000000000e+02 1.160452142758417945e-02
5.290000000000000000e+02 1.540516253492672100e-02
5.300000000000000000e+02 2.328991724160534363e-02
5.310000000000000000e+02 3.655824177851723505e-02
5.320000000000000000e+02 4.548432930178545469e-02
5.330000000000000000e+02 1.232271951385783583e-03
5.340000000000000000e+02 6.246191375447920913e-03
5.350000000000000000e+02 2.975913160399542082e-02
5.360000000000000000e+02 9.278878496249533606e-03
5.370000000000000000e+02 9.534396625581767482e-03
5.380000000000000000e+02 8.022018329372727560e-03
5.390000000000000000e+02 3.461985327126613360e-02
5.400000000000000000e+02 6.994778469226487633e-03
5.410000000000000000e+02 1.273417303695685739e-02
5.420000000000000000e+02 4.308666273035138827e-02
5.430000000000000000e+02 3.758429756260001781e-02
5.440000000000000000e+02 4.674516712868097973e-02
5.450000000000000000e+02 1.218993847797241944e-02
5.460000000000000000e+02 3.057130659141417059e-02
5.470000000000000000e+02 9.737734950004500040e-03
5.480000000000000000e+02 1.239905418685280543e-02
5.490000000000000000e+02 1.685589464883182481e-02
5.500000000000000000e+02 5.367297328142599938e-02
5.510000000000000000e+02 1.487908522816479458e-02
5.520000000000000000e+02 5.717078156767660402e-02
5.530000000000000000e+02 5.804096204796645869e-02
5.540000000000000000e+02 1.147168048629037748e-02
5.550000000000000000e+02 1.488350861070850649e-02
5.560000000000000000e+02 2.210739558555930781e-02
5.570000000000000000e+02 4.683518628739566717e-03
5.580000000000000000e+02 3.125970369506444156e-03
5.590000000000000000e+02 3.524753105641066468e-03
5.600000000000000000e+02 6.080353198395058341e-03
5.610000000000000000e+02 1.126200222640491057e-02
5.620000000000000000e+02 6.771405672257203336e-03
5.630000000000000000e+02 1.397139253941234293e-03
5.640000000000000000e+02 4.818280740017931462e-04
5.650000000000000000e+02 7.710388086995700885e-03
5.660000000000000000e+02 1.860147639206663440e-03
5.670000000000000000e+02 1.585058693192332308e-02
5.680000000000000000e+02 1.765795827209841809e-02
5.690000000000000000e+02 3.298107379260049876e-02
5.700000000000000000e+02 4.718753582964845678e-02
5.710000000000000000e+02 4.269651328241032967e-02
5.720000000000000000e+02 5.084669362708234969e-03
5.730000000000000000e+02 1.764669569077981920e-02
5.740000000000000000e+02 4.949625019692049238e-03
5.750000000000000000e+02 4.070853613077298275e-03
5.760000000000000000e+02 1.160905489541567970e-02
5.770000000000000000e+02 1.918906377071957770e-02
5.780000000000000000e+02 6.139727052455841091e-03
5.790000000000000000e+02 1.614333039289993221e-02
5.800000000000000000e+02 2.460230482745788538e-03
5.810000000000000000e+02 8.895005073613217184e-03
5.820000000000000000e+02 2.990926394272803296e-02
5.830000000000000000e+02 2.268159833615075727e-02
5.840000000000000000e+02 4.515902142388503876e-02
5.850000000000000000e+02 3.115026771707714130e-03
5.860000000000000000e+02 1.701987243124121387e-03
5.870000000000000000e+02 8.348535473435747881e-03
5.880000000000000000e+02 7.927327897784977942e-03
5.890000000000000000e+02 3.335862568934455739e-03
5.900000000000000000e+02 4.362824035356684983e-03
5.910000000000000000e+02 1.725852920213057778e-02
5.920000000000000000e+02 1.250736454733075188e-02
5.930000000000000000e+02 4.446023851959684386e-02
5.940000000000000000e+02 8.900833710997478609e-02
5.950000000000000000e+02 5.784850087328635010e-02
5.960000000000000000e+02 9.976034086310642604e-03
5.970000000000000000e+02 1.094163826118959605e-02
5.980000000000000000e+02 1.070895790482410959e-02
5.990000000000000000e+02 5.244110533019015474e-02
6.000000000000000000e+02 9.487762407419138636e-03
6.010000000000000000e+02 3.381608554923280427e-03
6.020000000000000000e+02 1.883963352589880860e-02
6.030000000000000000e+02 5.393289219093565234e-03
6.040000000000000000e+02 5.067717228805774903e-03
6.050000000000000000e+02 4.329972024763286548e-03
6.060000000000000000e+02 1.762170142225158442e-02
6.070000000000000000e+02 4.706725479686154484e-02
6.080000000000000000e+02 5.877522353762331536e-02
6.090000000000000000e+02 2.561505498019276197e-02
6.100000000000000000e+02 2.148086547333366136e-03
6.110000000000000000e+02 1.398698753481615945e-02
6.120000000000000000e+02 1.712999555365562684e-02
6.130000000000000000e+02 1.072396418641867466e-02
6.140000000000000000e+02 2.879846540887715835e-03
6.150000000000000000e+02 1.460462402818177990e-02
6.160000000000000000e+02 4.742849721798664264e-02
6.170000000000000000e+02 2.698023733229010235e-02
6.180000000000000000e+02 2.087983952586486974e-02
6.190000000000000000e+02 1.789510792513586759e-02
6.200000000000000000e+02 5.079173727070197125e-02
6.210000000000000000e+02 1.055418642805998689e-02
6.220000000000000000e+02 1.036991459252663457e-02
6.230000000000000000e+02 2.519439958584770989e-02
6.240000000000000000e+02 1.056786557666922937e-03
6.250000000000000000e+02 6.423345202680009504e-03
6.260000000000000000e+02 1.629033801035592588e-02
6.270000000000000000e+02 6.451672165510115905e-04
6.280000000000000000e+02 1.675398132144309202e-02
6.290000000000000000e+02 1.870327484879159494e-02
6.300000000000000000e+02 1.011247465924966504e-02
6.310000000000000000e+02 1.363922718060162770e-02
6.320000000000000000e+02 4.424851808803355324e-02
6.330000000000000000e+02 1.891366880995258223e-02
6.340000000000000000e+02 7.880664788646508240e-03
6.350000000000000000e+02 2.148617319850082419e-02
6.360000000000000000e+02 5.319911847387831516e-02
6.370000000000000000e+02 5.456261984103178558e-02
6.380000000000000000e+02 1.963773379373584191e-02
6.390000000000000000e+02 9.507640512302781288e-03
6.400000000000000000e+02 1.893488044153425823e-02
6.410000000000000000e+02 2.291138632019523724e-02
6.420000000000000000e+02 2.933708875603360106e-02
6.430000000000000000e+02 1.774320373072977089e-02
6.440000000000000000e+02 1.539681886947475049e-02
6.450000000000000000e+02 1.150251314014040342e-02
6.460000000000000000e+02 4.650373086227037843e-03
6.470000000000000000e+02 2.606115372979671448e-03
6.480000000000000000e+02 2.301792112159517165e-02
6.490000000000000000e+02 1.931182058306286572e-02
6.500000000000000000e+02 4.589402550359384519e-02
6.510000000000000000e+02 2.410437565594648890e-02
6.520000000000000000e+02 4.248179587094725457e-02
6.530000000000000000e+02 1.670432013364397950e-02
6.540000000000000000e+02 2.334855542308929364e-03
6.550000000000000000e+02 1.050905058414301589e-03
6.560000000000000000e+02 1.313667640151827687e-02
6.570000000000000000e+02 7.804441629702284743e-03
6.580000000000000000e+02 3.967340236026174055e-03
6.590000000000000000e+02 6.543473590034988574e-02
6.600000000000000000e+02 3.907293403233900314e-03
6.610000000000000000e+02 3.974830777511709906e-03
6.620000000000000000e+02 2.847465609192195712e-02
6.630000000000000000e+02 2.099750565025464838e-02
6.640000000000000000e+02 1.262140454004519879e-02
6.650000000000000000e+02 3.582824696262454367e-02
6.660000000000000000e+02 1.194079088970662755e-02
6.670000000000000000e+02 2.791219634962067140e-04
6.680000000000000000e+02 6.447495222840889106e-03
6.690000000000000000e+02 2.061107188770749249e-02
6.700000000000000000e+02 3.709051216901336837e-03
6.710000000000000000e+02 8.272738178946876381e-03
6.720000000000000000e+02 3.633475789592863214e-02
6.730000000000000000e+02 1.479772757840255165e-02
6.740000000000000000e+02 2.116767768368560485e-03
6.750000000000000000e+02 1.976479651488110764e-02
6.760000000000000000e+02 4.981652624569914492e-03
6.770000000000000000e+02 2.458337888332785132e-02
6.780000000000000000e+02 7.647934805183701293e-03
6.790000000000000000e+02 1.916656670506460339e-02
6.800000000000000000e+02 3.232446673642656865e-02
6.810000000000000000e+02 2.305009880185783858e-02
6.820000000000000000e+02 3.875574871985909813e-03
6.830000000000000000e+02 1.737925263498653426e-03
6.840000000000000000e+02 1.697563314533105661e-02
6.850000000000000000e+02 3.057776313013119227e-03
6.860000000000000000e+02 1.424732607454234565e-02
6.870000000000000000e+02 1.417411184554054522e-02
6.880000000000000000e+02 1.131937567184075925e-03
6.890000000000000000e+02 1.332390622555865677e-02
6.900000000000000000e+02 2.823604540786213771e-02
6.910000000000000000e+02 4.216960717305943962e-02
6.920000000000000000e+02 1.469252463454078644e-02
6.930000000000000000e+02 7.523822824635846909e-03
6.940000000000000000e+02 1.958113915677998570e-02
6.950000000000000000e+02 2.465059533321458524e-02
6.960000000000000000e+02 2.328972061928780493e-02
6.970000000000000000e+02 3.847950505276025168e-02
6.980000000000000000e+02 1.471999233382582060e-02
6.990000000000000000e+02 5.098530253119273577e-04
7.000000000000000000e+02 2.120273796372954336e-03
7.010000000000000000e+02 9.853831353430913403e-03
7.020000000000000000e+02 1.491980355171205509e-02
7.030000000000000000e+02 9.734223682491646712e-03
7.040000000000000000e+02 1.510100516228963120e-03
7.050000000000000000e+02 2.715051131747990131e-03
7.060000000000000000e+02 3.323639905697324624e-03
7.070000000000000000e+02 1.272458416726628995e-02
7.080000000000000000e+02 7.246978245358207116e-03
7.090000000000000000e+02 2.050990144587440389e-02
7.100000000000000000e+02 3.384852440681073577e-02
7.110000000000000000e+02 6.470937313039450134e-02
7.120000000000000000e+02 3.272033304170582357e-02
7.130000000000000000e+02 1.788786172382260398e-02
7.140000000000000000e+02 5.215458296909117157e-03
7.150000000000000000e+02 1.014441594543375944e-02
7.160000000000000000e+02 4.106342114943583449e-02
7.170000000000000000e+02 2.388647426609867563e-02
7.180000000000000000e+02 3.267367008638389497e-02
7.190000000000000000e+02 3.576764658735819002e-02
7.200000000000000000e+02 2.096617636196098852e-02
7.210000000000000000e+02 6.468613320419498020e-04
7.220000000000000000e+02 4.462231530865827522e-03
7.230000000000000000e+02 2.044156947765723639e-02
7.240000000000000000e+02 2.460778837316762030e-02
7.250000000000000000e+02 3.569998696956430510e-03
7.260000000000000000e+02 2.126005430508744686e-04
7.270000000000000000e+02 5.539027903485142790e-04
7.280000000000000000e+02 2.178515127141322436e-02
7.290000000000000000e+02 4.109620257551040851e-03
7.300000000000000000e+02 4.057175314373511615e-02
7.310000000000000000e+02 1.184253137609985167e-03
7.320000000000000000e+02 2.778296615347674702e-03
7.330000000000000000e+02 2.706781966358763961e-03
7.340000000000000000e+02 3.348943424695691867e-03
7.350000000000000000e+02 2.089647477461651498e-02
7.360000000000000000e+02 2.473259914484629562e-02
7.370000000000000000e+02 3.562066154406514935e-03
7.380000000000000000e+02 3.422686381015914003e-03
7.390000000000000000e+02 9.350930041022650907e-03
7.400000000000000000e+02 1.074958067128048075e-02
7.410000000000000000e+02 6.256481920154632545e-03
7.420000000000000000e+02 6.709081859259780067e-03
7.430000000000000000e+02 3.659270582644100992e-03
7.440000000000000000e+02 1.016773652527520021e-02
7.450000000000000000e+02 5.105334278140451210e-03
7.460000000000000000e+02 5.665700054971917719e-03
7.470000000000000000e+02 1.015638169506410601e-02
7.480000000000000000e+02 2.026205671247790704e-02
7.490000000000000000e+02 2.917965098923790482e-02
7.500000000000000000e+02 2.686155429068298045e-02
7.510000000000000000e+02 6.828084113015630598e-03
7.520000000000000000e+02 1.851261009624093718e-03
7.530000000000000000e+02 7.648691878632825347e-03
7.540000000000000000e+02 1.747918032276593245e-02
7.550000000000000000e+02 1.321182944695818706e-02
7.560000000000000000e+02 3.003866405627131277e-03
7.570000000000000000e+02 5.326336789036656416e-03
7.580000000000000000e+02 2.027945253649037285e-02
7.590000000000000000e+02 5.069903983281703191e-02
7.600000000000000000e+02 4.953248781421815822e-02
7.610000000000000000e+02 2.628748392094185007e-03
7.620000000000000000e+02 1.960057226675508690e-02
7.630000000000000000e+02 1.184329816379241403e-02
7.640000000000000000e+02 2.297316281209492786e-02
7.650000000000000000e+02 4.124285242720032718e-02
7.660000000000000000e+02 1.042469250092431521e-02
7.670000000000000000e+02 1.215254885108237558e-02
7.680000000000000000e+02 4.158414177745077545e-02
7.690000000000000000e+02 6.218586361803701140e-02
7.700000000000000000e+02 6.792226014902632246e-03
7.710000000000000000e+02 6.550123585835344354e-03
7.720000000000000000e+02 2.124265861255857177e-03
7.730000000000000000e+02 1.079722693607187284e-03
7.740000000000000000e+02 2.159373671278093376e-02
7.750000000000000000e+02 2.807351347591270294e-02
7.760000000000000000e+02 2.499837538022511157e-02
7.770000000000000000e+02 2.183297569161717078e-02
7.780000000000000000e+02 6.791600596381395724e-03
7.790000000000000000e+02 6.159479891699173523e-03
7.800000000000000000e+02 2.354305832765154344e-02
7.810000000000000000e+02 1.216676901312530989e-03
7.820000000000000000e+02 4.055263036155831030e-02
7.830000000000000000e+02 8.053668206328010171e-03
7.840000000000000000e+02 1.607429286993970752e-03
7.850000000000000000e+02 8.184546701361986726e-03
7.860000000000000000e+02 1.465810200244323236e-02
7.870000000000000000e+02 4.672093170064689320e-03
7.880000000000000000e+02 2.406173538120762959e-03
7.890000000000000000e+02 5.563847013035690819e-02
7.900000000000000000e+02 2.402965597296296760e-02
7.910000000000000000e+02 2.547759650975542703e-02
7.920000000000000000e+02 9.367735212385257249e-03
7.930000000000000000e+02 3.662837091026860913e-03
7.940000000000000000e+02 1.056007444737558712e-02
7.950000000000000000e+02 2.084099020656181647e-02
7.960000000000000000e+02 2.447426525703234532e-02
7.970000000000000000e+02 1.685152558430041275e-02
7.980000000000000000e+02 1.870017289519773250e-03
7.990000000000000000e+02 2.406489311481180976e-02
8.000000000000000000e+02 4.842777468356660245e-03
8.010000000000000000e+02 3.973309035690624456e-03
8.020000000000000000e+02 5.397152042315684489e-03
8.030000000000000000e+02 3.453780962705114456e-03
8.040000000000000000e+02 5.068638732411238912e-02
8.050000000000000000e+02 6.450914129024110100e-02
8.060000000000000000e+02 2.927725335081400246e-02
8.070000000000000000e+02 1.490414755838134243e-02
8.080000000000000000e+02 3.961021921501865078e-02
8.090000000000000000e+02 7.108072495641053375e-03
8.100000000000000000e+02 3.773651708450089220e-03
8.110000000000000000e+02 9.617565660794932456e-03
8.120000000000000000e+02 2.987786458284526908e-02
8.130000000000000000e+02 8.040025372729594708e-03
8.140000000000000000e+02 2.723704706379268849e-03
8.150000000000000000e+02 1.045566619217936158e-02
8.160000000000000000e+02 1.209962904994603535e-03
8.170000000000000000e+02 1.599067543911958031e-02
8.180000000000000000e+02 7.278405330131902662e-03
8.190000000000000000e+02 9.686784920391933174e-03
8.200000000000000000e+02 1.626736410313466344e-02
8.210000000000000000e+02 1.012249903025948597e-02
8.220000000000000000e+02 3.112115503161937483e-02
8.230000000000000000e+02 9.888756370814533875e-03
8.240000000000000000e+02 1.385931278352397003e-02
8.250000000000000000e+02 1.511810904303789727e-02
8.260000000000000000e+02 2.773627476178612897e-03
8.270000000000000000e+02 1.775878552744061128e-04
8.280000000000000000e+02 2.505374483179327594e-03
8.290000000000000000e+02 2.723897714293090772e-02
8.300000000000000000e+02 1.182642625225993095e-02
8.310000000000000000e+02 4.130989875701855663e-02
8.320000000000000000e+02 2.073268926494063746e-02
8.330000000000000000e+02 3.561372595103426538e-04
8.340000000000000000e+02 1.488876032253250506e-02
8.350000000000000000e+02 1.233423265085547768e-02
8.360000000000000000e+02 2.878233082756713381e-03
8.370000000000000000e+02 7.215478893152833155e-04
8.380000000000000000e+02 7.023230050211531211e-03
8.390000000000000000e+02 8.707766212203510436e-03
8.400000000000000000e+02 5.534209574802087007e-03
8.410000000000000000e+02 1.731455132271315575e-02
8.420000000000000000e+02 1.710798210808809131e-02
8.430000000000000000e+02 8.005591637557620682e-03
8.440000000000000000e+02 1.938707220191997682e-03
8.450000000000000000e+02 3.024503992136199151e-03
8.460000000000000000e+02 1.618727291244305422e-02
8.470000000000000000e+02 1.661577910026702397e-04
8.480000000000000000e+02 2.762156922871071563e-02
8.490000000000000000e+02 2.033237983077964411e-02
8.500000000000000000e+02 2.675324310064106439e-02
8.510000000000000000e+02 1.258618110590839327e-02
8.520000000000000000e+02 3.803436334124795856e-03
8.530000000000000000e+02 2.514698925043041752e-02
8.540000000000000000e+02 5.286853732506638891e-03
8.550000000000000000e+02 1.485475054208275185e-02
8.560000000000000000e+02 5.398435376574198079e-03
8.570000000000000000e+02 7.651907077068637389e-03
8.580000000000000000e+02 1.864801401819973434e-02
8.590000000000000000e+02 1.247488929481254359e-02
8.600000000000000000e+02 4.242851552815474214e-02
8.610000000000000000e+02 6.509722942466245055e-02
8.620000000000000000e+02 1.049812704336806381e-02
8.630000000000000000e+02 1.608331754676555966e-02
8.640000000000000000e+02 1.667984605809321591e-02
8.650000000000000000e+02 8.964586686273677552e-02
8.660000000000000000e+02 1.753891563358899244e-02
8.670000000000000000e+02 1.774022659387973141e-02
8.680000000000000000e+02 1.726490520514311830e-02
8.690000000000000000e+02 3.006831606183143785e-03
8.700000000000000000e+02 1.324534870711187480e-02
8.710000000000000000e+02 1.068558051638563051e-02
8.720000000000000000e+02 1.351631723955521759e-02
8.730000000000000000e+02 5.649189505115019896e-03
8.740000000000000000e+02 4.274770614020409476e-02
8.750000000000000000e+02 2.757250121783562380e-02
8.760000000000000000e+02 4.640957608440236110e-02
8.770000000000000000e+02 5.483465659955222976e-02
8.780000000000000000e+02 1.710110822037725492e-02
8.790000000000000000e+02 2.863822879656198125e-02
8.800000000000000000e+02 9.687863551188970884e-03
8.810000000000000000e+02 1.070203834269393408e-03
8.820000000000000000e+02 4.076455074817980466e-03
8.830000000000000000e+02 1.390776407864797136e-02
8.840000000000000000e+02 5.643139144038939597e-02
8.850000000000000000e+02 1.738865016351290663e-02
8.860000000000000000e+02 6.094829834806472606e-03
8.870000000000000000e+02 9.458590639129650472e-04
8.880000000000000000e+02 1.697038009404539666e-02
8.890000000000000000e+02 2.000905526869863060e-02
8.900000000000000000e+02 2.907568381705229535e-02
8.910000000000000000e+02 3.013684356985186705e-02
8.920000000000000000e+02 2.355047731063119199e-03
8.930000000000000000e+02 1.942952056851613568e-02
8.940000000000000000e+02 2.887936930374476394e-02
8.950000000000000000e+02 2.675668234941993781e-02
8.960000000000000000e+02 1.251560203608985747e-02
8.970000000000000000e+02 3.590066535424252074e-03
8.980000000000000000e+02 1.297041817882720396e-02
8.990000000000000000e+02 2.496061415940238615e-02
9.000000000000000000e+02 1.123477575354411362e-03
9.010000000000000000e+02 7.307546394188761327e-03
9.020000000000000000e+02 2.061272921721477719e-02
9.030000000000000000e+02 2.859792313489821838e-02
9.040000000000000000e+02 3.500749349879505451e-02
9.050000000000000000e+02 9.352691477687235036e-03
9.060000000000000000e+02 1.451313557800521566e-03
9.070000000000000000e+02 8.893042593028215384e-03
9.080000000000000000e+02 1.833216195941508820e-03
9.090000000000000000e+02 2.951820414533849052e-03
9.100000000000000000e+02 1.736916115540457564e-02
9.110000000000000000e+02 1.662584667098772687e-02
9.120000000000000000e+02 7.555707052426902277e-03
9.130000000000000000e+02 6.839832720851403425e-03
9.140000000000000000e+02 7.122528004664487912e-03
9.150000000000000000e+02 3.668776554976456439e-02
9.160000000000000000e+02 7.493630593359524097e-03
9.170000000000000000e+02 1.088957722135231593e-03
9.180000000000000000e+02 7.359034311483491318e-03
9.190000000000000000e+02 1.557215969162404311e-02
9.200000000000000000e+02 2.345801321909674053e-02
9.210000000000000000e+02 9.535326766041333883e-04
9.220000000000000000e+02 3.320896869332664453e-02
9.230000000000000000e+02 4.570834218303449631e-02
9.240000000000000000e+02 3.207930429957154411e-02
9.250000000000000000e+02 4.229079186519059397e-02
9.260000000000000000e+02 2.154422418870453968e-03
9.270000000000000000e+02 1.036544562286916341e-02
9.280000000000000000e+02 3.005186992877398669e-02
9.290000000000000000e+02 1.921016511559445195e-03
9.300000000000000000e+02 8.909065678335367777e-03
9.310000000000000000e+02 1.002282151338327676e-03
9.320000000000000000e+02 1.661184470324321774e-02
9.330000000000000000e+02 2.130968938455833888e-03
9.340000000000000000e+02 1.977076462191876705e-03
9.350000000000000000e+02 1.446077943165392440e-02
9.360000000000000000e+02 7.233704284145263397e-02
9.370000000000000000e+02 3.674579518854082655e-02
9.380000000000000000e+02 1.243774101558425479e-02
9.390000000000000000e+02 3.916335907952114490e-03
9.400000000000000000e+02 9.946446118451270774e-03
9.410000000000000000e+02 3.986142126971856450e-03
9.420000000000000000e+02 1.110885515020958690e-02
9.430000000000000000e+02 4.592996254167088649e-03
9.440000000000000000e+02 9.612952267025716771e-04
9.450000000000000000e+02 1.436094906916999918e-02
9.460000000000000000e+02 1.918258531913875561e-02
9.470000000000000000e+02 3.329907285814277633e-03
9.480000000000000000e+02 1.127171473747770603e-02
9.490000000000000000e+02 7.323624357124483564e-03
9.500000000000000000e+02 3.062979631790129290e-03
9.510000000000000000e+02 5.148520657351753939e-03
9.520000000000000000e+02 1.440471262000635536e-02
9.530000000000000000e+02 3.798470190407210456e-02
9.540000000000000000e+02 1.642517739638917193e-03
9.550000000000000000e+02 1.355869254809468315e-02
9.560000000000000000e+02 2.736099795061853676e-02
9.570000000000000000e+02 5.786658824760201186e-02
9.580000000000000000e+02 3.551132877271891142e-02
9.590000000000000000e+02 1.932044305089687664e-02
9.600000000000000000e+02 1.770642387975456325e-02
9.610000000000000000e+02 8.262848371514620871e-03
9.620000000000000000e+02 5.143608974884391477e-02
9.630000000000000000e+02 4.292742395459659549e-02
9.640000000000000000e+02 1.507171059666594093e-02
9.650000000000000000e+02 9.778238798536072196e-03
9.660000000000000000e+02 8.628913883719854447e-03
9.670000000000000000e+02 2.450519798323197093e-02
9.680000000000000000e+02 6.341404515106626762e-03
9.690000000000000000e+02 1.960259694803868219e-02
9.700000000000000000e+02 6.736043578634391682e-02
9.710000000000000000e+02 1.024183887909296126e-02
9.720000000000000000e+02 2.674936915492401226e-03
9.730000000000000000e+02 1.497542480260620045e-03
9.740000000000000000e+02 2.340894297430979633e-03
9.750000000000000000e+02 8.848872156945060928e-04
9.760000000000000000e+02 3.452886960702127288e-03
9.770000000000000000e+02 7.182456493288573440e-04
9.780000000000000000e+02 5.056632215649520083e-03
9.790000000000000000e+02 8.813025831025531531e-04
9.800000000000000000e+02 2.627399287961100700e-04
9.810000000000000000e+02 6.732124870099048287e-03
9.820000000000000000e+02 1.183074355706440319e-03
9.830000000000000000e+02 1.182159201163802313e-03
9.840000000000000000e+02 1.614449599064577247e-03
9.850000000000000000e+02 4.327345752593081190e-04
9.860000000000000000e+02 2.856047781027263102e-02
9.870000000000000000e+02 4.171390940072378095e-02
9.880000000000000000e+02 5.790299796620611110e-04
9.890000000000000000e+02 9.254729890547671797e-03
9.900000000000000000e+02 1.068147327499501149e-02
9.910000000000000000e+02 1.925982190818255856e-03
9.920000000000000000e+02 1.534295868938741680e-03
9.930000000000000000e+02 2.733483217252146921e-04
9.940000000000000000e+02 2.402898966158394795e-02
9.950000000000000000e+02 4.606116150692602653e-04
9.960000000000000000e+02 8.359902749622725657e-03
9.970000000000000000e+02 8.552254139926484047e-03
9.980000000000000000e+02 4.317660045167204795e-04
9.990000000000000000e+02 3.591611185544065117e-04
1.000000000000000000e+03 3.339755311170549204e-03
1.001000000000000000e+03 2.942122748309572433e-02
1.002000000000000000e+03 4.876805460100427057e-03
1.003000000000000000e+03 1.230398459564925086e-02
1.004000000000000000e+03 4.722840734404122436e-03
1.005000000000000000e+03 3.753731429842217544e-03
1.006000000000000000e+03 1.829537482215380694e-03
1.007000000000000000e+03 8.388174608682739605e-03
1.008000000000000000e+03 5.354962738842873170e-04
1.009000000000000000e+03 8.684266107004997692e-04
1.010000000000000000e+03 9.940167743647022620e-04
1.011000000000000000e+03 1.575988059274433407e-03
1.012000000000000000e+03 7.099801995219505446e-02
1.013000000000000000e+03 3.171928071670078453e-02
1.014000000000000000e+03 7.612876307117554670e-03
1.015000000000000000e+03 1.854809366708087132e-02
1.016000000000000000e+03 7.114396959797946243e-03
1.017000000000000000e+03 8.489479265616389422e-03
1.018000000000000000e+03 8.170919582374685380e-03
1.019000000000000000e+03 1.138373989775700625e-02
1.020000000000000000e+03 1.213266037495725098e-02
1.021000000000000000e+03 8.608428230786670590e-03
1.022000000000000000e+03 1.977348258907708073e-02
1.023000000000000000e+03 3.644023098141654926e-02
1.024000000000000000e+03 1.033804392601691408e-02
1.025000000000000000e+03 2.777081259858347334e-02
1.026000000000000000e+03 1.452588362325307227e-02
1.027000000000000000e+03 4.769525801768537999e-03
1.028000000000000000e+03 7.133497285608678129e-03
1.029000000000000000e+03 1.426816227793535272e-02
1.030000000000000000e+03 1.264095475259341232e-02
1.031000000000000000e+03 1.182574393885458403e-02
1.032000000000000000e+03 2.868821867899073660e-02
1.033000000000000000e+03 4.024724335186866467e-03
1.034000000000000000e+03 3.980079625748164304e-03
1.035000000000000000e+03 1.797339711514936173e-03
1.036000000000000000e+03 1.543083686445224575e-02
1.037000000000000000e+03 1.088188586635840705e-04
1.038000000000000000e+03 2.382288263308684692e-02
1.039000000000000000e+03 2.912749868400289072e-02
1.040000000000000000e+03 3.261898397917437770e-03
1.041000000000000000e+03 2.454165439972006758e-04
1.042000000000000000e+03 1.165146688045750299e-03
1.043000000000000000e+03 2.271968403145884288e-02
1.044000000000000000e+03 2.903817220687964808e-03
1.045000000000000000e+03 3.112952615615254839e-04
1.046000000000000000e+03 2.053026602404701279e-02
1.047000000000000000e+03 3.803173774017244019e-02
1.048000000000000000e+03 1.287582234694449775e-02
1.049000000000000000e+03 4.596442943820303224e-03
1.050000000000000000e+03 3.860064892879819937e-02
1.051000000000000000e+03 6.601507747958593186e-02
1.052000000000000000e+03 1.802225896709519536e-03
1.053000000000000000e+03 2.243556605635618414e-02
1.054000000000000000e+03 5.944033563644810772e-04
1.055000000000000000e+03 1.777372616345494543e-03
1.056000000000000000e+03 1.208855573991293383e-02
1.057000000000000000e+03 2.361725536488517435e-02
1.058000000000000000e+03 1.207306881642760538e-02
1.059000000000000000e+03 9.363076992808718607e-03
1.060000000000000000e+03 1.388333673337328220e-05
1.061000000000000000e+03 6.084750407458454878e-03
1.062000000000000000e+03 2.820537461358562162e-03
1.063000000000000000e+03 2.408406901134828651e-02
1.064000000000000000e+03 2.269055304740368734e-02
1.065000000000000000e+03 8.647525223031731411e-04
1.066000000000000000e+03 1.245561739873506275e-02
1.067000000000000000e+03 2.500431807513283245e-03
1.068000000000000000e+03 6.652899261277406273e-03
1.069000000000000000e+03 1.122492966630270379e-02
1.070000000000000000e+03 4.006112230305951261e-02
1.071000000000000000e+03 1.129971948145412283e-02
1.072000000000000000e+03 1.310080044885465408e-02
1.073000000000000000e+03 1.704773192472067156e-02
1.074000000000000000e+03 2.279612104552176596e-02
1.075000000000000000e+03 3.206328532618090560e-02
1.076000000000000000e+03 1.157954910333483392e-03
1.077000000000000000e+03 2.177650484317035799e-04
1.078000000000000000e+03 1.223879981337359056e-02
1.079000000000000000e+03 5.527542403734884979e-02
1.080000000000000000e+03 2.222736716815626717e-03
1.081000000000000000e+03 2.677819858252056262e-02
1.082000000000000000e+03 6.246846743776565854e-03
1.083000000000000000e+03 7.126757902331275945e-04
1.084000000000000000e+03 1.101891427225928487e-03
1.085000000000000000e+03 1.043447744338456967e-02
1.086000000000000000e+03 2.278617259626039560e-02
1.087000000000000000e+03 7.590045598175523128e-03
1.088000000000000000e+03 5.149563355297955784e-04
1.089000000000000000e+03 5.186267158217606164e-03
1.090000000000000000e+03 2.302313666543757530e-03
1.091000000000000000e+03 4.178424045201372186e-03
1.092000000000000000e+03 1.247417830249066169e-02
1.093000000000000000e+03 5.787415794943836372e-02
1.094000000000000000e+03 1.417112652790326541e-02
1.095000000000000000e+03 3.452896719370775191e-02
1.096000000000000000e+03 1.831261871083572287e-02
1.097000000000000000e+03 6.757014000725343819e-03
1.098000000000000000e+03 2.236954983618972496e-03
1.099000000000000000e+03 2.149859117969640451e-02
1.100000000000000000e+03 6.220473245300986789e-03
1.101000000000000000e+03 1.766386196218409227e-02
1.102000000000000000e+03 4.187859254201548032e-02
1.103000000000000000e+03 9.766886569183898595e-03
1.104000000000000000e+03 7.349215510828163711e-03
1.105000000000000000e+03 1.255493130723561550e-02
1.106000000000000000e+03 2.486724450988830187e-02
1.107000000000000000e+03 6.917951601312121064e-03
1.108000000000000000e+03 4.695527671229857733e-04
1.109000000000000000e+03 6.212662778652489580e-03
1.110000000000000000e+03 4.530145706513418261e-03
1.111000000000000000e+03 3.413855348961566255e-02
1.112000000000000000e+03 2.588368191733245519e-02
1.113000000000000000e+03 1.615068960344136217e-02
1.114000000000000000e+03 1.109618443205701889e-02
1.115000000000000000e+03 3.064828868163796839e-03
1.116000000000000000e+03 1.170147628143841309e-02
1.117000000000000000e+03 1.674532484931030851e-02
1.118000000000000000e+03 2.318950295448193866e-03
1.119000000000000000e+03 9.948682164861818999e-03
1.120000000000000000e+03 2.890490072254956258e-03
1.121000000000000000e+03 1.643067347156668828e-02
1.122000000000000000e+03 2.661920597375150299e-02
1.123000000000000000e+03 6.471560516309386724e-02
1.124000000000000000e+03 1.121687933632827677e-02
1.125000000000000000e+03 2.687879307403558127e-02
1.126000000000000000e+03 1.890653973588483916e-02
1.127000000000000000e+03 1.577441242588250442e-02
1.128000000000000000e+03 6.347021845365536903e-04
1.129000000000000000e+03 1.500043877827618921e-03
1.130000000000000000e+03 5.051854267112592181e-03
1.131000000000000000e+03 1.505881001220714041e-02
1.132000000000000000e+03 2.331857933245421247e-02
1.133000000000000000e+03 1.111507364490264653e-03
1.134000000000000000e+03 1.558367954536755626e-02
1.135000000000000000e+03 6.671313404151153412e-03
1.136000000000000000e+03 4.122964634538060780e-03
1.137000000000000000e+03 6.169316879608926704e-03
1.138000000000000000e+03 3.817813534149516481e-03
1.139000000000000000e+03 4.137443833897734916e-03
1.140000000000000000e+03 2.660850712505159754e-02
1.141000000000000000e+03 5.413901220256218255e-03
1.142000000000000000e+03 2.098146601655475826e-02
1.143000000000000000e+03 6.724765852078740114e-02
1.144000000000000000e+03 8.763408778370812557e-02
1.145000000000000000e+03 2.778683654189827851e-02
1.146000000000000000e+03 2.271164337341545492e-02
1.147000000000000000e+03 3.792738322743503809e-02
1.148000000000000000e+03 5.096229633939398929e-02
1.149000000000000000e+03 4.728954815766136383e-02
1.150000000000000000e+03 7.398566002589036707e-04
1.151000000000000000e+03 1.085714347958057456e-02
1.152000000000000000e+03 8.621671704671873826e-03
1.153000000000000000e+03 1.917911347958943871e-02
1.154000000000000000e+03 1.953594434652353162e-02
1.155000000000000000e+03 6.606633014131449259e-03
1.156000000000000000e+03 1.296545481022241125e-02
1.157000000000000000e+03 1.368608797463142721e-03
1.158000000000000000e+03 5.701436123799278818e-03
1.159000000000000000e+03 1.752544255348830599e-02
1.160000000000000000e+03 1.007188833631868230e-01
1.161000000000000000e+03 4.450814627467743895e-02
1.162000000000000000e+03 8.694801975782191425e-03
1.163000000000000000e+03 1.987380775085645021e-02
1.164000000000000000e+03 2.063562011547947616e-03
1.165000000000000000e+03 2.229121871993945941e-03
1.166000000000000000e+03 2.553568184403884724e-04
1.167000000000000000e+03 1.797550691480050145e-02
1.168000000000000000e+03 1.225551276466788249e-02
1.169000000000000000e+03 1.132073661025369575e-03
1.170000000000000000e+03 1.582958975021800385e-02
1.171000000000000000e+03 1.182224552247728398e-02
1.172000000000000000e+03 4.344852484396154874e-03
1.173000000000000000e+03 1.143819561970831587e-02
1.174000000000000000e+03 1.562534012686161641e-02
1.175000000000000000e+03 4.921008583839617256e-02
1.176000000000000000e+03 1.317382096208920619e-02
1.177000000000000000e+03 2.557425560020900115e-02
1.178000000000000000e+03 1.032772606910112995e-02
1.179000000000000000e+03 2.544911173783095948e-02
1.180000000000000000e+03 4.199051806202715870e-02
1.181000000000000000e+03 2.179435698186083653e-02
1.182000000000000000e+03 1.215942263213114216e-02
1.183000000000000000e+03 1.446542362203548718e-02
1.184000000000000000e+03 5.188849753766065775e-03
1.185000000000000000e+03 8.854230019649685784e-03
1.186000000000000000e+03 3.016386261110492843e-03
1.187000000000000000e+03 2.677488085650262667e-02
1.188000000000000000e+03 1.338539693495901031e-02
1.189000000000000000e+03 5.361752918938172963e-03
1.190000000000000000e+03 8.050525303710052982e-03
1.191000000000000000e+03 1.992608154094008266e-03
1.192000000000000000e+03 3.734782504927806022e-03
1.193000000000000000e+03 1.301562361622573280e-03
1.194000000000000000e+03 3.333799553861710452e-02
1.195000000000000000e+03 1.291791097541214982e-02
1.196000000000000000e+03 3.414131596391756229e-03
1.197000000000000000e+03 1.223838216201947847e-02
1.198000000000000000e+03 9.169671587194190955e-04
1.199000000000000000e+03 7.514384923728813746e-03
1.200000000000000000e+03 2.888731740377733712e-02
1.201000000000000000e+03 1.006997252561599339e-02
1.202000000000000000e+03 6.501522507341635226e-02
1.203000000000000000e+03 2.605846216279318617e-02
1.204000000000000000e+03 1.620005592186457913e-02
1.205000000000000000e+03 2.122779817558876833e-02
1.206000000000000000e+03 2.775670898665879086e-02
1.207000000000000000e+03 1.466665322660892778e-02
1.208000000000000000e+03 1.194104607028333674e-02
1.209000000000000000e+03 1.611764435754060561e-03
1.210000000000000000e+03 1.456075550134371815e-02
1.211000000000000000e+03 7.819991487227702376e-02
1.212000000000000000e+03 6.553275837190063180e-02
1.213000000000000000e+03 2.614633002178269258e-02
1.214000000000000000e+03 2.706011788402358075e-03
1.215000000000000000e+03 2.603198795723057554e-02
1.216000000000000000e+03 6.789584114424814659e-03
1.217000000000000000e+03 4.430007456541765892e-03
1.218000000000000000e+03 3.670224909208906483e-02
1.219000000000000000e+03 2.366798936117107260e-02
1.220000000000000000e+03 9.732637664120892540e-03
1.221000000000000000e+03 1.954697380677707791e-02
1.222000000000000000e+03 3.533896636288349352e-02
1.223000000000000000e+03 2.147293956696983992e-03
1.224000000000000000e+03 1.349450462009277058e-03
1.225000000000000000e+03 6.190828596548859225e-02
1.226000000000000000e+03 5.838513552659137240e-02
1.227000000000000000e+03 8.663840001462339707e-03
1.228000000000000000e+03 1.621847937012324764e-03
1.229000000000000000e+03 1.839907066946292954e-02
1.230000000000000000e+03 4.488092408242126685e-03
1.231000000000000000e+03 1.914336856956181179e-02
1.232000000000000000e+03 4.787174251508518816e-03
1.233000000000000000e+03 1.357645474933485757e-03
1.234000000000000000e+03 3.499148769584807528e-02
1.235000000000000000e+03 2.927216308895584998e-02
1.236000000000000000e+03 1.541364190191923944e-02
1.237000000000000000e+03 3.193400733505982747e-02
1.238000000000000000e+03 2.389271162879685190e-02
1.239000000000000000e+03 3.992123278990838964e-02
1.240000000000000000e+03 1.651111313571347952e-02
1.241000000000000000e+03 3.527831807481307449e-03
1.242000000000000000e+03 2.215728286806371850e-02
1.243000000000000000e+03 2.211787486499156366e-02
1.244000000000000000e+03 7.455061750941724408e-03
1.245000000000000000e+03 1.949633307909972354e-03
1.246000000000000000e+03 1.416747309155773696e-02
1.247000000000000000e+03 2.073846621765153969e-03
1.248000000000000000e+03 1.418987090991646535e-02
1.249000000000000000e+03 2.392574923381409618e-02
1.250000000000000000e+03 2.307317486338923262e-03
1.251000000000000000e+03 1.486267202184227663e-02
1.252000000000000000e+03 1.767311388913245609e-04
1.253000000000000000e+03 2.785929729781253146e-03
1.254000000000000000e+03 6.612973937000634435e-05
1.255000000000000000e+03 1.036919063781219924e-02
1.256000000000000000e+03 5.897337001720504707e-03
1.257000000000000000e+03 3.601124250085921841e-03
1.258000000000000000e+03 3.095599319412228531e-02
1.259000000000000000e+03 4.448929661761327065e-02
1.260000000000000000e+03 9.194257084723378437e-03
1.261000000000000000e+03 7.000519547192550138e-03
1.262000000000000000e+03 1.807485460720094014e-02
1.263000000000000000e+03 1.960941703860983112e-02
1.264000000000000000e+03 2.136290722182507956e-02
1.265000000000000000e+03 1.316553623446769670e-04
1.266000000000000000e+03 3.270022293395604546e-02
1.267000000000000000e+03 9.475645114664098950e-03
1.268000000000000000e+03 1.407379488108658448e-02
1.269000000000000000e+03 1.558951880120664803e-02
1.270000000000000000e+03 9.785249785839949740e-03
1.271000000000000000e+03 6.665383333672799879e-03
1.272000000000000000e+03 1.790137318959074061e-02
1.273000000000000000e+03 1.438801196940325648e-02
1.274000000000000000e+03 1.100418140302947094e-02
1.275000000000000000e+03 4.093830609488260247e-02
1.276000000000000000e+03 1.985541958554392153e-02
1.277000000000000000e+03 4.271970625797851667e-02
1.278000000000000000e+03 1.151412336145798358e-03
1.279000000000000000e+03 7.384447622383069273e-03
1.280000000000000000e+03 4.706897096474203443e-03
1.281000000000000000e+03 8.307124726327637723e-03
1.282000000000000000e+03 1.160920616522464165e-02
1.283000000000000000e+03 6.585680866740810380e-02
1.284000000000000000e+03 3.989554915234251598e-02
1.285000000000000000e+03 1.497276885406837767e-02
1.286000000000000000e+03 1.899399489139578720e-02
1.287000000000000000e+03 4.110472673824434875e-02
1.288000000000000000e+03 7.248283210849594538e-02
1.289000000000000000e+03 7.069140959351019431e-03
1.290000000000000000e+03 1.832986156890945711e-02
1.291000000000000000e+03 1.500119920562800573e-02
1.292000000000000000e+03 1.356780311462975688e-02
1.293000000000000000e+03 3.112120635739352645e-02
1.294000000000000000e+03 1.424953996556137942e-02
1.295000000000000000e+03 1.599198590096950756e-02
1.296000000000000000e+03 6.241690568473066969e-02
1.297000000000000000e+03 4.124741796625079615e-03
1.298000000000000000e+03 1.319286376029029859e-02
1.299000000000000000e+03 1.316072690529390687e-02
1.300000000000000000e+03 4.857797267446772697e-03
1.301000000000000000e+03 1.816008524295287599e-02
1.302000000000000000e+03 1.833686518808888598e-03
1.303000000000000000e+03 4.530806704512196914e-03
1.304000000000000000e+03 6.835390904145759346e-04
1.305000000000000000e+03 2.106542776405545894e-02
1.306000000000000000e+03 2.316345555308387677e-02
1.307000000000000000e+03 1.869576925697683184e-03
1.308000000000000000e+03 1.885985458481086521e-02
1.309000000000000000e+03 2.258316622475694743e-02
1.310000000000000000e+03 7.317852471814318858e-04
1.311000000000000000e+03 7.990572470207726961e-04
1.312000000000000000e+03 3.996992955505893150e-04
1.313000000000000000e+03 3.742794858270488776e-03
1.314000000000000000e+03 3.674108406459257459e-03
1.315000000000000000e+03 2.207416142914835587e-03
1.316000000000000000e+03 1.781699602052421935e-02
1.317000000000000000e+03 7.888991540480611367e-03
1.318000000000000000e+03 2.836612469932440692e-03
1.319000000000000000e+03 6.008076166871450033e-04
1.320000000000000000e+03 6.484429859832285988e-03
1.321000000000000000e+03 6.641013369470059879e-03
1.322000000000000000e+03 1.876222883653969097e-04
1.323000000000000000e+03 1.492813795363279259e-04
1.324000000000000000e+03 2.348617665391728934e-02
1.325000000000000000e+03 1.273623628887733325e-02
1.326000000000000000e+03 3.637980368537020639e-03
1.327000000000000000e+03 8.709882559644875968e-03
1.328000000000000000e+03 3.801866002434530108e-03
1.329000000000000000e+03 8.447437586477325386e-03
1.330000000000000000e+03 6.875885030423008713e-03
1.331000000000000000e+03 7.012375530683208694e-03
1.332000000000000000e+03 1.590932620244443069e-02
1.333000000000000000e+03 6.000313995860213044e-03
1.334000000000000000e+03 2.559818830479526457e-03
1.335000000000000000e+03 1.548452723029761051e-02
1.336000000000000000e+03 1.736549783308396697e-02
1.337000000000000000e+03 5.956668408703038459e-03
1.338000000000000000e+03 7.774642146649577909e-03
1.339000000000000000e+03 8.046257072322317641e-03
1.340000000000000000e+03 1.068624978943612074e-02
1.341000000000000000e+03 7.579753782079102706e-03
1.342000000000000000e+03 5.968701065489013385e-03
1.343000000000000000e+03 2.558781259556650901e-03
1.344000000000000000e+03 2.077351368297501721e-02
1.345000000000000000e+03 2.452705117149407699e-02
1.346000000000000000e+03 3.179946152636892176e-02
1.347000000000000000e+03 1.838334198268219352e-02
1.348000000000000000e+03 1.366680199095160475e-02
1.349000000000000000e+03 7.091058741622107385e-03
1.350000000000000000e+03 2.674316104490601000e-03
1.351000000000000000e+03 3.107190323192899652e-03
1.352000000000000000e+03 2.165303451559021097e-02
1.353000000000000000e+03 8.928419999098324844e-03
1.354000000000000000e+03 2.895543162093998368e-03
1.355000000000000000e+03 3.907959635684936026e-03
1.356000000000000000e+03 1.208871511827530046e-03
1.357000000000000000e+03 5.533578844491833168e-03
1.358000000000000000e+03 1.493420082352584985e-02
1.359000000000000000e+03 4.695946890603428132e-03
1.360000000000000000e+03 2.503506139394417671e-02
1.361000000000000000e+03 1.834986833097529586e-03
1.362000000000000000e+03 1.461280569707778263e-03
1.363000000000000000e+03 4.292216298322358743e-03
1.364000000000000000e+03 5.924893775004101346e-03
1.365000000000000000e+03 2.524618050551363790e-02
1.366000000000000000e+03 6.837952017025259246e-03
1.367000000000000000e+03 1.768187359927906981e-03
1.368000000000000000e+03 1.937644093427262626e-02
1.369000000000000000e+03 2.817642221087536709e-03
1.370000000000000000e+03 1.992058151409566418e-03
1.371000000000000000e+03 1.750513858587927907e-02
1.372000000000000000e+03 7.153957724590881938e-03
1.373000000000000000e+03 9.008668803022368277e-03
1.374000000000000000e+03 1.456203507368409754e-03
1.375000000000000000e+03 3.444075631892035659e-03
1.376000000000000000e+03 3.504298506989236492e-03
1.377000000000000000e+03 4.510008599448743494e-03
1.378000000000000000e+03 1.529478439372891629e-02
1.379000000000000000e+03 1.067319702952608355e-02
1.380000000000000000e+03 7.483402886175403133e-03
1.381000000000000000e+03 1.118372919846896858e-02
1.382000000000000000e+03 1.656685140157139122e-02
1.383000000000000000e+03 2.589035329962783172e-03
1.384000000000000000e+03 2.491604502378128375e-03
1.385000000000000000e+03 8.554301471667018208e-03
1.386000000000000000e+03 8.546688342471695302e-03
1.387000000000000000e+03 6.949914302155246748e-02
1.388000000000000000e+03 2.746499655834383838e-02
1.389000000000000000e+03 3.367335744981233420e-02
1.390000000000000000e+03 3.359143916048057399e-02
1.391000000000000000e+03 3.937575446466842245e-03
1.392000000000000000e+03 3.624068116555380619e-03
1.393000000000000000e+03 6.664351135440583877e-03
1.394000000000000000e+03 2.055610891144700123e-02
1.395000000000000000e+03 8.068232020843474350e-02
1.396000000000000000e+03 6.690575710755765348e-02
1.397000000000000000e+03 1.891463549003761634e-03
1.398000000000000000e+03 3.674958980965887384e-02
1.399000000000000000e+03 6.759491673808113756e-03
1.400000000000000000e+03 2.560420606124446871e-02
1.401000000000000000e+03 1.618900012550519157e-03
1.402000000000000000e+03 5.807079688464847345e-03
1.403000000000000000e+03 1.749594238180499084e-02
1.404000000000000000e+03 3.163929964805881068e-02
1.405000000000000000e+03 7.468870366180912698e-03
1.406000000000000000e+03 4.260648070971870759e-04
1.407000000000000000e+03 3.658135552965309685e-03
1.408000000000000000e+03 1.434663042303479163e-03
1.409000000000000000e+03 6.619428774418537227e-03
1.410000000000000000e+03 5.187637167565845031e-03
1.411000000000000000e+03 2.028534289532443616e-04
1.412000000000000000e+03 1.720421494779849486e-02
1.413000000000000000e+03 5.723630307477282214e-02
1.414000000000000000e+03 6.121860709948941104e-02
1.415000000000000000e+03 1.223372013139027020e-02
1.416000000000000000e+03 2.204248831365419534e-02
1.417000000000000000e+03 5.902961213560547690e-03
1.418000000000000000e+03 8.183365921072395174e-03
1.419000000000000000e+03 6.640287330505952393e-03
1.420000000000000000e+03 1.512730946811756232e-02
1.421000000000000000e+03 3.618156093263191070e-02
1.422000000000000000e+03 2.375317800294135268e-03
1.423000000000000000e+03 1.286213090467178480e-02
1.424000000000000000e+03 1.250642005111716765e-03
1.425000000000000000e+03 1.234203519799833768e-02
1.426000000000000000e+03 1.234585048580910498e-02
1.427000000000000000e+03 1.197466008148225652e-02
1.428000000000000000e+03 1.265891861724693576e-02
1.429000000000000000e+03 1.421302343658338053e-03
1.430000000000000000e+03 3.952189542466848227e-02
1.431000000000000000e+03 9.457275575437462667e-03
1.432000000000000000e+03 7.786981101613528466e-03
1.433000000000000000e+03 3.052807817352254371e-02
1.434000000000000000e+03 4.441854118111090294e-02
1.435000000000000000e+03 2.961387552768034257e-03
1.436000000000000000e+03 2.054234570006881807e-03
1.437000000000000000e+03 2.019964080527692982e-02
1.438000000000000000e+03 1.488982784945153300e-02
1.439000000000000000e+03 1.884301591062571401e-03
1.440000000000000000e+03 2.990759048205069662e-03
1.441000000000000000e+03 1.679105478645598164e-03
1.442000000000000000e+03 1.657010953700908170e-03
1.443000000000000000e+03 2.754803946688415620e-02
1.444000000000000000e+03 2.437384493634546338e-03
1.445000000000000000e+03 2.095992488100697094e-03
1.446000000000000000e+03 5.239902827975067689e-04
1.447000000000000000e+03 2.436939066773454246e-02
1.448000000000000000e+03 3.231066302394138001e-02
1.449000000000000000e+03 4.845229045249894485e-04
1.450000000000000000e+03 2.829836095577813182e-02
1.451000000000000000e+03 1.226141951107198765e-02
1.452000000000000000e+03 3.088270387248011600e-03
1.453000000000000000e+03 1.078059113806024462e-02
1.454000000000000000e+03 1.354505648384482681e-02
1.455000000000000000e+03 1.756106280004424147e-02
1.456000000000000000e+03 3.180860739818753419e-02
1.457000000000000000e+03 5.040028308857212591e-03
1.458000000000000000e+03 5.143415831093559563e-03
1.459000000000000000e+03 5.672666502143162807e-03
1.460000000000000000e+03 4.081742641647236047e-02
1.461000000000000000e+03 3.231434216685309668e-02
1.462000000000000000e+03 9.311496189744769211e-03
1.463000000000000000e+03 2.375646852153895112e-03
1.464000000000000000e+03 1.851018623879928729e-02
1.465000000000000000e+03 5.218285648069273617e-04
1.466000000000000000e+03 1.307089543699275873e-02
1.467000000000000000e+03 8.293682528129966980e-03
1.468000000000000000e+03 2.056467686686331772e-02
1.469000000000000000e+03 1.750113652699405130e-03
1.470000000000000000e+03 3.706805746896041408e-04
1.471000000000000000e+03 1.114687422385709771e-04
1.472000000000000000e+03 2.229074444116387055e-03
1.473000000000000000e+03 8.739188906320242978e-03
1.474000000000000000e+03 6.057935906373261353e-04
1.475000000000000000e+03 4.058451755700162415e-03
1.476000000000000000e+03 4.695871659412460299e-03
1.477000000000000000e+03 2.621788359413922565e-03
1.478000000000000000e+03 7.988897658109716041e-03
1.479000000000000000e+03 4.428645714432458656e-03
1.480000000000000000e+03 5.285104829707632998e-03
1.481000000000000000e+03 3.552228486992459883e-02
1.482000000000000000e+03 8.284496536307266526e-03
1.483000000000000000e+03 5.077623184880191744e-03
1.484000000000000000e+03 3.764304848454106886e-03
1.485000000000000000e+03 1.628880239305632860e-02
1.486000000000000000e+03 2.855464226402175745e-02
1.487000000000000000e+03 1.364690495732183081e-02
1.488000000000000000e+03 1.566420666475163218e-02
1.489000000000000000e+03 5.531282043127069142e-02
1.490000000000000000e+03 2.145500008816790885e-02
1.491000000000000000e+03 1.304091112254884485e-03
1.492000000000000000e+03 6.813664651589537713e-02
1.493000000000000000e+03 4.325930642522447106e-02
1.494000000000000000e+03 2.987570366093321179e-03
1.495000000000000000e+03 4.692919366846812733e-03
1.496000000000000000e+03 1.783331988516382791e-02
1.497000000000000000e+03 7.416124402770342752e-03
1.498000000000000000e+03 2.994952389975452916e-03
1.499000000000000000e+03 9.782388062857879860e-03
1.500000000000000000e+03 3.907977670523761493e-03
1.501000000000000000e+03 4.441444747102000178e-03
1.502000000000000000e+03 4.837901733521568493e-03
1.503000000000000000e+03 4.211692820681815427e-03
1.504000000000000000e+03 9.775166797482139416e-03
1.505000000000000000e+03 3.145944889972172170e-02
1.506000000000000000e+03 3.154535813444962755e-02
1.507000000000000000e+03 2.529693509203529561e-02
1.508000000000000000e+03 5.659017687596170493e-02
1.509000000000000000e+03 4.788873379175199833e-03
1.510000000000000000e+03 2.211354304114297557e-03
1.511000000000000000e+03 1.099356462789165696e-04
1.512000000000000000e+03 7.508280477492437072e-03
1.513000000000000000e+03 2.216751442655495469e-03
1.514000000000000000e+03 7.801722148906216651e-04
1.515000000000000000e+03 7.745137183795267662e-04
1.516000000000000000e+03 2.763025435559746806e-03
1.517000000000000000e+03 1.136174953937359178e-02
1.518000000000000000e+03 3.136574669652260339e-02
1.519000000000000000e+03 1.124511549261448216e-02
1.520000000000000000e+03 2.392388530727783055e-02
1.521000000000000000e+03 2.423303291839802240e-02
1.522000000000000000e+03 6.381911380717433802e-03
1.523000000000000000e+03 4.282889790947681796e-02
1.524000000000000000e+03 1.651463233911816542e-02
1.525000000000000000e+03 2.473250133017757327e-02
1.526000000000000000e+03 1.759211178026369102e-02
1.527000000000000000e+03 1.336808493528763436e-02
1.528000000000000000e+03 3.732213947269658050e-02
1.529000000000000000e+03 3.201366790141271790e-02
1.530000000000000000e+03 2.468279894985017653e-02
1.531000000000000000e+03 2.626505324604199582e-02
1.532000000000000000e+03 4.999576744273272720e-03
1.533000000000000000e+03 8.060701331648114113e-04
1.534000000000000000e+03 7.793643809054049722e-03
1.535000000000000000e+03 8.988561281509589024e-03
1.536000000000000000e+03 2.501962848324394348e-02
1.537000000000000000e+03 1.515434823288155583e-02
1.538000000000000000e+03 6.219449606079017860e-03
1.539000000000000000e+03 4.863128179208403568e-02
1.540000000000000000e+03 1.383278856942376546e-02
1.541000000000000000e+03 2.300414542587264806e-03
1.542000000000000000e+03 1.421305972008058381e-02
1.543000000000000000e+03 1.735884925826827740e-02
1.544000000000000000e+03 2.040382910084559062e-02
1.545000000000000000e+03 5.344276961162477968e-02
1.546000000000000000e+03 1.295567422051108371e-02
1.547000000000000000e+03 1.002757769271355424e-02
1.548000000000000000e+03 2.187783276105026431e-02
1.549000000000000000e+03 1.329627737942099507e-02
1.550000000000000000e+03 1.724984516187240023e-03
1.551000000000000000e+03 3.967335456454396635e-03
1.552000000000000000e+03 1.095001082415927992e-03
1.553000000000000000e+03 9.502698909129699001e-03
1.554000000000000000e+03 4.566828874021737136e-03
1.555000000000000000e+03 3.983920673773818158e-03
1.556000000000000000e+03 2.054326538475209629e-02
1.557000000000000000e+03 1.131125317633058236e-02
1.558000000000000000e+03 6.008226019794418032e-03
1.559000000000000000e+03 9.387776403572297562e-03
1.560000000000000000e+03 6.698101912448146261e-03
1.561000000000000000e+03 3.120094503692911678e-02
1.562000000000000000e+03 4.247336588120781409e-02
1.563000000000000000e+03 4.529317523987685945e-02
1.564000000000000000e+03 2.947031365120198962e-02
1.565000000000000000e+03 1.587790298939321595e-03
1.566000000000000000e+03 2.372471681048705407e-03
1.567000000000000000e+03 1.841180244448947442e-02
1.568000000000000000e+03 3.331848391202479887e-02
1.569000000000000000e+03 4.699046070911305079e-02
1.570000000000000000e+03 8.403468140461303054e-03
1.571000000000000000e+03 2.276757562022551674e-03
1.572000000000000000e+03 5.241635149491594148e-02
1.573000000000000000e+03 3.438118283179890378e-02
1.574000000000000000e+03 3.336946012913385301e-02
1.575000000000000000e+03 1.342433857079760977e-02
1.576000000000000000e+03 2.773029485187727960e-02
1.577000000000000000e+03 1.005031700198894679e-02
1.578000000000000000e+03 1.364567294861748206e-03
1.579000000000000000e+03 6.595255979536558677e-02
1.580000000000000000e+03 3.012980498172909000e-02
1.581000000000000000e+03 7.867044687003365774e-03
1.582000000000000000e+03 2.807610580785116060e-03
1.583000000000000000e+03 1.858119988484415244e-02
1.584000000000000000e+03 7.128596470228812550e-03
1.585000000000000000e+03 9.979556074080010025e-03
1.586000000000000000e+03 9.463613190955833671e-03
1.587000000000000000e+03 3.178631817405579152e-02
1.588000000000000000e+03 2.056938388522774885e-02
1.589000000000000000e+03 2.161794590996907531e-03
1.590000000000000000e+03 2.837775652447802402e-02
1.591000000000000000e+03 1.115244979883532779e-02
1.592000000000000000e+03 1.451688810878189054e-03
1.593000000000000000e+03 6.153013514730954620e-03
1.594000000000000000e+03 6.410095868569955745e-03
1.595000000000000000e+03 2.561842106625764580e-03
1.596000000000000000e+03 7.065150029691721380e-03
1.597000000000000000e+03 7.761218157653929084e-02
1.598000000000000000e+03 2.589953449998465967e-02
1.599000000000000000e+03 1.560826299263587923e-02
1.600000000000000000e+03 5.811607619607688825e-03
1.601000000000000000e+03 3.346808557017262337e-03
1.602000000000000000e+03 2.952390299441227245e-02
1.603000000000000000e+03 1.241556622304331239e-02
1.604000000000000000e+03 8.237004680862750538e-04
1.605000000000000000e+03 9.613384058692850051e-03
1.606000000000000000e+03 8.383565604058290308e-03
1.607000000000000000e+03 6.199300954147558829e-02
1.608000000000000000e+03 9.227255153093424922e-02
1.609000000000000000e+03 1.703129288422651835e-02
1.610000000000000000e+03 4.159118495949640573e-03
1.611000000000000000e+03 1.317141199822782771e-02
1.612000000000000000e+03 8.259542775271641948e-03
1.613000000000000000e+03 6.619093297987130935e-06
1.614000000000000000e+03 3.123438787519052223e-03
1.615000000000000000e+03 1.094883938088443177e-02
1.616000000000000000e+03 7.394864436393189938e-05
1.617000000000000000e+03 2.108951772070937272e-02
1.618000000000000000e+03 3.872342748553792013e-02
1.619000000000000000e+03 8.240032765395394199e-03
1.620000000000000000e+03 9.131040111215562791e-03
1.621000000000000000e+03 8.461384297557229470e-03
1.622000000000000000e+03 1.933071908189887278e-02
1.623000000000000000e+03 4.731432484648369005e-03
1.624000000000000000e+03 5.766319846173862534e-02
1.625000000000000000e+03 6.229100340833976235e-02
1.626000000000000000e+03 2.644748379699531429e-02
1.627000000000000000e+03 3.899368519820232276e-02
1.628000000000000000e+03 5.097112816945536390e-03
1.629000000000000000e+03 1.756110182173696577e-02
1.630000000000000000e+03 1.046726980434723939e-02
1.631000000000000000e+03 7.274245451999511967e-03
1.632000000000000000e+03 1.154598890818583565e-03
1.633000000000000000e+03 2.664007937915056912e-02
1.634000000000000000e+03 1.373997651113770258e-02
1.635000000000000000e+03 1.144696078055532085e-02
1.636000000000000000e+03 6.851812200078749235e-03
1.637000000000000000e+03 2.435859019032817060e-04
1.638000000000000000e+03 1.281407457311079662e-02
1.639000000000000000e+03 2.241883361227736682e-02
1.640000000000000000e+03 2.925190379146176516e-03
1.641000000000000000e+03 8.117053391982072263e-02
1.642000000000000000e+03 3.356067411378915039e-02
1.643000000000000000e+03 5.917939921717081664e-02
1.644000000000000000e+03 3.858967800009927007e-02
1.645000000000000000e+03 3.555659912213881418e-02
1.646000000000000000e+03 6.279694206446460869e-02
1.647000000000000000e+03 1.507041238328534274e-02
1.648000000000000000e+03 1.195422188248658826e-02
1.649000000000000000e+03 3.214743333171630330e-02
1.650000000000000000e+03 5.226316672373111996e-03
1.651000000000000000e+03 4.016759603064560050e-03
1.652000000000000000e+03 2.193564854297289438e-02
1.653000000000000000e+03 3.119271373245405266e-02
1.654000000000000000e+03 5.520072631265143109e-02
1.655000000000000000e+03 2.230975236688538185e-02
1.656000000000000000e+03 3.410911725932746358e-02
1.657000000000000000e+03 3.230069599979529249e-02
1.658000000000000000e+03 2.321406753323762909e-02
1.659000000000000000e+03 9.443970146328606896e-06
1.660000000000000000e+03 3.947794732061819800e-02
1.661000000000000000e+03 1.549385316269332596e-02
1.662000000000000000e+03 3.088838157632532028e-02
1.663000000000000000e+03 2.437858899366204812e-02
1.664000000000000000e+03 2.482962200531607308e-02
1.665000000000000000e+03 1.635982425155151077e-02
1.666000000000000000e+03 2.927646507858208940e-03
1.667000000000000000e+03 3.363284831328730573e-02
1.668000000000000000e+03 1.264188090532544773e-02
1.669000000000000000e+03 8.465241680254331682e-04
1.670000000000000000e+03 5.594931935673559502e-03
1.671000000000000000e+03 6.164314033201636917e-04
1.672000000000000000e+03 5.498300951819237161e-04
1.673000000000000000e+03 3.305067553207986005e-03
1.674000000000000000e+03 2.936412774279502022e-02
1.675000000000000000e+03 1.888678895379491268e-02
1.676000000000000000e+03 1.025567355769735692e-02
1.677000000000000000e+03 1.038737405848225853e-02
1.678000000000000000e+03 1.434075456398689781e-02
1.679000000000000000e+03 5.411730640802139142e-02
1.680000000000000000e+03 5.613665033702660775e-03
1.681000000000000000e+03 2.038245460118976587e-02
1.682000000000000000e+03 2.288155401292426422e-02
1.683000000000000000e+03 3.859294929211051772e-02
1.684000000000000000e+03 3.239604286980703879e-02
1.685000000000000000e+03 2.447474779936148134e-02
1.686000000000000000e+03 5.307718366872380897e-03
1.687000000000000000e+03 1.075653554968188097e-02
1.688000000000000000e+03 1.460792207227151925e-02
1.689000000000000000e+03 9.269262220112026163e-03
1.690000000000000000e+03 1.556469301422161444e-02
1.691000000000000000e+03 1.316042573008357249e-03
1.692000000000000000e+03 3.141614738321507269e-03
1.693000000000000000e+03 2.676041318611615746e-02
1.694000000000000000e+03 1.365887149811162264e-02
1.695000000000000000e+03 2.737543502578694901e-02
1.696000000000000000e+03 1.565241571489950833e-03
1.697000000000000000e+03 1.517159549179618490e-02
1.698000000000000000e+03 7.970669134610411030e-03
1.699000000000000000e+03 1.704150865926840758e-02
1.700000000000000000e+03 2.001098749686781864e-02
1.701000000000000000e+03 1.221308707866867668e-02
1.702000000000000000e+03 2.042095272277162296e-02
1.703000000000000000e+03 4.201425891885018915e-02
1.704000000000000000e+03 3.313018092659166663e-02
1.705000000000000000e+03 4.155956933991180463e-02
1.706000000000000000e+03 4.470624967883969451e-03
1.707000000000000000e+03 1.805860297364610123e-02
1.708000000000000000e+03 7.595841160986115809e-03
1.709000000000000000e+03 5.902869932027572132e-03
1.710000000000000000e+03 1.390121635243135069e-02
1.711000000000000000e+03 6.483964297405751115e-03
1.712000000000000000e+03 7.655695973428042721e-03
1.713000000000000000e+03 5.013331105515251261e-03
1.714000000000000000e+03 2.317470260316295289e-03
1.715000000000000000e+03 6.015282801271925467e-02
1.716000000000000000e+03 4.047505546789609103e-03
1.717000000000000000e+03 2.438296539267736322e-03
1.718000000000000000e+03 8.110208737225309272e-03
1.719000000000000000e+03 5.539712720684701608e-03
1.720000000000000000e+03 3.694483218911457680e-03
1.721000000000000000e+03 1.029146236601283584e-03
1.722000000000000000e+03 1.640538074571843905e-02
1.723000000000000000e+03 7.157554772262919411e-03
1.724000000000000000e+03 2.767926598328846258e-02
1.725000000000000000e+03 8.122305402883786898e-03
1.726000000000000000e+03 5.849973409965716605e-04
1.727000000000000000e+03 2.279208564733822655e-03
1.728000000000000000e+03 2.082689475847204503e-03
1.729000000000000000e+03 5.177192586315787319e-03
1.730000000000000000e+03 4.027332152968796162e-04
1.731000000000000000e+03 1.800223449924320124e-02
1.732000000000000000e+03 2.064262945731792226e-02
1.733000000000000000e+03 2.313464688368319436e-02
1.734000000000000000e+03 1.813523905997508831e-02
1.735000000000000000e+03 2.590409129054284734e-02
1.736000000000000000e+03 2.913728901488338643e-02
1.737000000000000000e+03 1.333974246168235199e-02
1.738000000000000000e+03 4.451080061726495930e-03
1.739000000000000000e+03 3.576504227024472887e-03
1.740000000000000000e+03 7.755918437947425387e-03
1.741000000000000000e+03 3.568611266925425084e-03
1.742000000000000000e+03 1.179507905427988612e-02
1.743000000000000000e+03 1.436241363946762564e-02
1.744000000000000000e+03 1.648113112143340282e-03
1.745000000000000000e+03 4.493774855453879467e-03
1.746000000000000000e+03 1.944430611096424968e-02
1.747000000000000000e+03 7.564086604505759759e-02
1.748000000000000000e+03 7.201267553207397337e-04
1.749000000000000000e+03 2.009735053002075292e-03
1.750000000000000000e+03 3.855364915008956637e-03
1.751000000000000000e+03 2.683851002575562278e-02
1.752000000000000000e+03 1.592499583266272431e-02
1.753000000000000000e+03 2.412968670834324605e-02
1.754000000000000000e+03 5.047757349563694595e-02
1.755000000000000000e+03 3.759960234317513000e-02
1.756000000000000000e+03 1.963984781337927300e-03
1.757000000000000000e+03 1.060301182842874994e-02
1.758000000000000000e+03 1.374058531555530024e-02
1.759000000000000000e+03 2.949051932825508260e-02
1.760000000000000000e+03 4.077188799848578682e-03
1.761000000000000000e+03 2.445224771630868932e-02
1.762000000000000000e+03 1.249544867470730146e-02
1.763000000000000000e+03 1.579727427957157426e-02
1.764000000000000000e+03 7.974334101538395336e-03
1.765000000000000000e+03 3.679625983492279973e-03
1.766000000000000000e+03 5.985446830201069518e-03
1.767000000000000000e+03 7.681935821967013529e-03
1.768000000000000000e+03 2.476947686010606484e-02
1.769000000000000000e+03 3.106079633072220819e-03
1.770000000000000000e+03 1.260716144963591918e-02
1.771000000000000000e+03 2.574067116360835225e-03
1.772000000000000000e+03 5.185172827709572801e-02
1.773000000000000000e+03 2.129037714371847991e-03
1.774000000000000000e+03 2.634714008142224201e-02
1.775000000000000000e+03 2.678205481619552394e-02
1.776000000000000000e+03 1.994659631048943671e-02
1.777000000000000000e+03 2.466725166045004650e-02
1.778000000000000000e+03 3.237680139676845335e-03
1.779000000000000000e+03 5.204944857886378666e-04
1.780000000000000000e+03 6.065842088956942615e-03
1.781000000000000000e+03 2.728855717367595097e-03
1.782000000000000000e+03 3.411844689521541935e-02
1.783000000000000000e+03 9.436663654350266328e-03
1.784000000000000000e+03 1.561100292295289208e-05
1.785000000000000000e+03 1.306794059514813401e-02
1.786000000000000000e+03 1.710196957225762135e-02
1.787000000000000000e+03 2.121348311940218345e-03
1.788000000000000000e+03 9.104249390075177042e-03
1.789000000000000000e+03 1.040863376246177604e-03
1.790000000000000000e+03 1.732452135090660136e-02
1.791000000000000000e+03 1.314826323820803694e-02
1.792000000000000000e+03 1.514027109265407220e-02
1.793000000000000000e+03 1.850216179176100619e-03
1.794000000000000000e+03 2.253262041324002179e-02
1.795000000000000000e+03 3.029662469157922561e-02
1.796000000000000000e+03 7.276156850056171924e-03
1.797000000000000000e+03 1.105728434998048265e-02
1.798000000000000000e+03 4.918588713593189526e-03
1.799000000000000000e+03 2.210421312946417652e-02
1.800000000000000000e+03 2.887541421429920888e-03
1.801000000000000000e+03 3.054193072336494619e-03
1.802000000000000000e+03 5.954315149696527698e-03
1.803000000000000000e+03 2.196448574238886627e-03
1.804000000000000000e+03 5.884042456840883617e-03
1.805000000000000000e+03 4.520569536225746746e-04
1.806000000000000000e+03 7.189436459435048776e-02
1.807000000000000000e+03 4.888379754619946727e-02
1.808000000000000000e+03 5.916057034067186311e-03
1.809000000000000000e+03 6.877204108766614248e-03
1.810000000000000000e+03 1.109031634902454995e-02
1.811000000000000000e+03 1.988288459168767452e-02
1.812000000000000000e+03 1.180389946560508711e-02
1.813000000000000000e+03 1.569709708345140000e-03
1.814000000000000000e+03 7.679661396923141876e-03
1.815000000000000000e+03 4.780410792135861980e-02
1.816000000000000000e+03 1.274996483119469719e-02
1.817000000000000000e+03 2.542471715250455792e-03
1.818000000000000000e+03 4.663804866725271281e-02
1.819000000000000000e+03 3.575715729012871741e-02
1.820000000000000000e+03 1.792195880660296540e-03
1.821000000000000000e+03 1.733686097462246514e-02
1.822000000000000000e+03 2.802775528826098941e-02
1.823000000000000000e+03 5.135734798368524374e-03
1.824000000000000000e+03 3.894268752188327024e-03
1.825000000000000000e+03 6.378871446010331465e-03
1.826000000000000000e+03 1.401040922415489574e-03
1.827000000000000000e+03 1.094355342002203794e-02
1.828000000000000000e+03 1.677511408645494199e-03
1.829000000000000000e+03 8.860282090974808122e-03
1.830000000000000000e+03 9.706591318799242737e-03
1.831000000000000000e+03 3.509177669565069664e-03
1.832000000000000000e+03 1.318553525068926272e-02
1.833000000000000000e+03 8.814987887331669769e-03
1.834000000000000000e+03 1.832107906957010021e-02
1.835000000000000000e+03 2.524335496117998540e-02
1.836000000000000000e+03 2.824298791531496683e-02
1.837000000000000000e+03 2.287167407624061347e-03
1.838000000000000000e+03 1.004409797460120365e-02
1.839000000000000000e+03 7.568945231832635220e-03
1.840000000000000000e+03 9.941361771627405322e-03
1.841000000000000000e+03 1.427596590482203224e-03
1.842000000000000000e+03 2.747548093426105398e-02
1.843000000000000000e+03 2.272229512626984874e-02
1.844000000000000000e+03 8.590738957382767571e-04
1.845000000000000000e+03 1.177094959284824202e-02
1.846000000000000000e+03 1.253128244110579548e-02
1.847000000000000000e+03 6.810267043697471913e-03
1.848000000000000000e+03 2.557815634921364184e-02
1.849000000000000000e+03 2.922808388016793699e-02
1.850000000000000000e+03 2.287805234160629475e-02
1.851000000000000000e+03 5.043231879032391814e-04
1.852000000000000000e+03 2.806576158636782739e-02
1.853000000000000000e+03 4.392457878965352891e-02
1.854000000000000000e+03 7.446076247240991826e-03
1.855000000000000000e+03 3.361920980573933695e-03
1.856000000000000000e+03 1.416432871591820080e-05
1.857000000000000000e+03 4.456331750953322103e-03
1.858000000000000000e+03 1.185083886946135256e-02
1.859000000000000000e+03 2.055793711316822661e-02
1.860000000000000000e+03 3.657758424029906863e-02
1.861000000000000000e+03 2.941976256230023623e-02
1.862000000000000000e+03 1.062499068337125450e-02
1.863000000000000000e+03 1.853372485982428958e-02
1.864000000000000000e+03 2.410969433002667708e-02
1.865000000000000000e+03 1.137113495582437774e-02
1.866000000000000000e+03 2.199100504547991941e-02
1.867000000000000000e+03 1.512932488278611806e-03
1.868000000000000000e+03 3.630310872662102176e-03
1.869000000000000000e+03 7.889109651601356257e-03
1.870000000000000000e+03 5.720930000614084243e-03
1.871000000000000000e+03 1.027241703858283381e-02
1.872000000000000000e+03 1.664069163794374209e-02
1.873000000000000000e+03 9.247997537498138867e-03
1.874000000000000000e+03 7.724156888212142975e-03
1.875000000000000000e+03 2.037322543582963455e-02
1.876000000000000000e+03 1.197664905138265748e-02
1.877000000000000000e+03 3.974225444389844326e-04
1.878000000000000000e+03 1.323874174516463621e-03
1.879000000000000000e+03 6.202248540600706177e-03
1.880000000000000000e+03 2.606170954233277565e-03
1.881000000000000000e+03 1.087561623726508199e-02
1.882000000000000000e+03 1.861983193803624925e-02
1.883000000000000000e+03 4.467990708463308118e-04
1.884000000000000000e+03 1.395734740389058042e-03
1.885000000000000000e+03 4.599200644961409269e-03
1.886000000000000000e+03 8.334522127162145855e-03
1.887000000000000000e+03 1.814690360284921047e-02
1.888000000000000000e+03 3.458564845108313968e-02
1.889000000000000000e+03 8.057698811246261431e-03
1.890000000000000000e+03 3.030802787613727858e-02
1.891000000000000000e+03 6.823838191837118062e-04
1.892000000000000000e+03 3.559257152804220364e-02
1.893000000000000000e+03 4.253498603612211604e-02
1.894000000000000000e+03 3.474092882541235643e-03
1.895000000000000000e+03 1.331921886821908936e-02
1.896000000000000000e+03 9.926975667232352044e-03
1.897000000000000000e+03 5.568621454437460913e-03
1.898000000000000000e+03 3.233880415501978484e-03
1.899000000000000000e+03 1.594150707096388467e-02
1.900000000000000000e+03 3.643204461335825678e-02
1.901000000000000000e+03 4.491386911305990381e-02
1.902000000000000000e+03 5.338362272409987591e-02
1.903000000000000000e+03 1.368443859492713723e-02
1.904000000000000000e+03 1.225989073924748166e-02
1.905000000000000000e+03 1.962758060645040589e-02
1.906000000000000000e+03 6.125781230725797256e-03
1.907000000000000000e+03 1.760647771556393161e-03
1.908000000000000000e+03 3.324480332700417880e-03
1.909000000000000000e+03 1.771639643934131217e-02
1.910000000000000000e+03 4.554892260034619327e-03
1.911000000000000000e+03 7.146394865288531288e-03
1.912000000000000000e+03 3.830432484440809970e-02
1.913000000000000000e+03 2.072595363127310159e-02
1.914000000000000000e+03 1.360169191274790412e-02
1.915000000000000000e+03 4.323875602620524256e-02
1.916000000000000000e+03 3.188549320338705112e-02
1.917000000000000000e+03 1.287731291982724749e-02
1.918000000000000000e+03 4.017874516902339779e-03
1.919000000000000000e+03 1.121304398195327977e-02
1.920000000000000000e+03 1.690136250096278131e-02
1.921000000000000000e+03 3.369673020144554887e-02
1.922000000000000000e+03 3.748938689645594808e-03
1.923000000000000000e+03 6.974386279065105179e-03
1.924000000000000000e+03 6.257265796109477522e-03
1.925000000000000000e+03 7.280710099702041027e-02
1.926000000000000000e+03 4.207229038445017832e-02
1.927000000000000000e+03 1.104981758308709421e-02
1.928000000000000000e+03 7.395560067174049117e-03
1.929000000000000000e+03 3.880668127359604425e-02
1.930000000000000000e+03 4.628765210652015759e-03
1.931000000000000000e+03 1.711235733546279461e-02
1.932000000000000000e+03 2.743546719823321527e-03
1.933000000000000000e+03 1.745426186326967536e-03
1.934000000000000000e+03 1.267970973488013325e-02
1.935000000000000000e+03 1.087468028719611353e-02
1.936000000000000000e+03 3.297775024056665699e-03
1.937000000000000000e+03 1.397849450184071932e-02
1.938000000000000000e+03 1.088454875827783372e-02
1.939000000000000000e+03 6.493042070112831077e-02
1.940000000000000000e+03 9.342298316400795069e-03
1.941000000000000000e+03 2.754715973927487731e-03
1.942000000000000000e+03 9.635307883528454465e-03
1.943000000000000000e+03 2.812378093237133739e-02
1.944000000000000000e+03 1.660259126946464839e-02
1.945000000000000000e+03 1.418203219832351106e-02
1.946000000000000000e+03 4.314625210585896695e-03
1.947000000000000000e+03 7.730112132075844973e-03
1.948000000000000000e+03 4.688270390091411888e-03
1.949000000000000000e+03 3.557154429484271803e-03
1.950000000000000000e+03 1.460346302400669823e-02
1.951000000000000000e+03 8.404642854989977834e-04
1.952000000000000000e+03 1.147123979121792738e-02
1.953000000000000000e+03 1.721243970763419858e-03
1.954000000000000000e+03 1.286786694446696855e-02
1.955000000000000000e+03 1.291095338934618308e-02
1.956000000000000000e+03 5.152597492880553291e-03
1.957000000000000000e+03 2.814817391872323146e-02
1.958000000000000000e+03 4.369760357226436936e-02
1.959000000000000000e+03 5.939557424168469268e-02
1.960000000000000000e+03 2.300537681333811313e-02
1.961000000000000000e+03 9.755297087009990806e-04
1.962000000000000000e+03 1.274792216971167881e-02
1.963000000000000000e+03 7.470250300200844545e-03
1.964000000000000000e+03 2.154569538558965408e-02
1.965000000000000000e+03 3.459918029559310923e-03
1.966000000000000000e+03 3.078822966499290825e-02
1.967000000000000000e+03 2.419348265245873861e-02
1.968000000000000000e+03 3.641142418573181661e-02
1.969000000000000000e+03 9.501939378344689824e-03
1.970000000000000000e+03 2.553667816388738646e-03
1.971000000000000000e+03 4.355223478348109467e-03
1.972000000000000000e+03 5.703319010529341385e-03
1.973000000000000000e+03 3.587921171674536992e-03
1.974000000000000000e+03 8.642594543284939576e-03
1.975000000000000000e+03 2.085868626500013423e-02
1.976000000000000000e+03 1.232288810302279401e-02
1.977000000000000000e+03 3.011860716301371227e-02
1.978000000000000000e+03 2.264675253356630488e-02
1.979000000000000000e+03 2.007324166557242337e-04
1.980000000000000000e+03 2.486770434265969318e-02
1.981000000000000000e+03 1.099262155970262902e-02
1.982000000000000000e+03 3.872298409445272538e-03
1.983000000000000000e+03 9.302296346020663340e-03
1.984000000000000000e+03 1.454121721017061220e-02
1.985000000000000000e+03 3.755852065860922680e-03
1.986000000000000000e+03 9.818932350252900301e-03
1.987000000000000000e+03 2.632175541490124060e-02
1.988000000000000000e+03 3.441595401568603441e-03
1.989000000000000000e+03 1.054995064522310996e-02
1.990000000000000000e+03 7.183381054706022839e-02
1.991000000000000000e+03 3.050084281644494313e-02
1.992000000000000000e+03 1.072078823545702560e-02
1.993000000000000000e+03 1.208635057889510984e-02
1.994000000000000000e+03 4.310387835383844291e-02
1.995000000000000000e+03 2.084513072329847311e-02
1.996000000000000000e+03 2.296866182592921871e-02
1.997000000000000000e+03 3.722120794518467973e-02
1.998000000000000000e+03 8.830026833695386532e-03
1.999000000000000000e+03 8.610049329950448735e-03
2.000000000000000000e+03 2.031986268316659378e-02
2.001000000000000000e+03 1.959215825883271051e-04
2.002000000000000000e+03 2.074478575304917333e-02
2.003000000000000000e+03 2.940720121553136099e-02
2.004000000000000000e+03 2.287710899020201430e-02
2.005000000000000000e+03 8.498876238585006612e-03
2.006000000000000000e+03 1.055822006584975457e-02
2.007000000000000000e+03 3.541746177219319558e-02
2.008000000000000000e+03 2.672336882424443741e-02
2.009000000000000000e+03 1.198109904027962885e-02
2.010000000000000000e+03 2.552871777203228817e-03
2.011000000000000000e+03 1.048699544151641874e-03
2.012000000000000000e+03 1.801565585029563099e-02
2.013000000000000000e+03 1.131472415947776602e-02
2.014000000000000000e+03 3.696553442738705758e-02
2.015000000000000000e+03 9.847005326522020180e-03
2.016000000000000000e+03 7.908809855894797028e-03
2.017000000000000000e+03 3.124514616321844799e-03
2.018000000000000000e+03 2.279239633464173742e-02
2.019000000000000000e+03 7.188079824720909616e-03
2.020000000000000000e+03 4.672042877245792536e-02
2.021000000000000000e+03 7.789979207652857410e-03
2.022000000000000000e+03 2.064953670967473870e-02
2.023000000000000000e+03 9.589741552285931114e-03
2.024000000000000000e+03 1.548421600671739430e-02
2.025000000000000000e+03 1.000165919450197831e-02
2.026000000000000000e+03 1.914308471418191271e-02
2.027000000000000000e+03 5.067241928420167241e-03
2.028000000000000000e+03 2.341368897262554455e-02
2.029000000000000000e+03 3.679750259165713382e-04
2.030000000000000000e+03 2.726256134355197359e-03
2.031000000000000000e+03 8.529158799949787192e-03
2.032000000000000000e+03 9.492273842843852727e-03
2.033000000000000000e+03 8.951724051484775957e-03
2.034000000000000000e+03 3.517805964635693956e-03
2.035000000000000000e+03 6.556465925965278014e-04
2.036000000000000000e+03 8.016045989007080513e-03
2.037000000000000000e+03 2.057008603909942380e-03
2.038000000000000000e+03 1.805991236595736252e-02
2.039000000000000000e+03 2.947896093932246900e-02
2.040000000000000000e+03 4.763943042941175265e-02
2.041000000000000000e+03 2.454361838868031331e-02
2.042000000000000000e+03 2.543307617072282020e-03
2.043000000000000000e+03 1.722535662664055004e-03
2.044000000000000000e+03 2.725508132813137842e-03
2.045000000000000000e+03 9.151377348560196801e-03
2.046000000000000000e+03 4.503765581476536217e-02
2.047000000000000000e+03 1.665298948553646866e-02
2.048000000000000000e+03 2.663941695427235555e-06
